Customer_ID,Churn_Probability,Churn_Prediction
CUST00001,0.24092565,0
CUST00002,0.007959995,0
CUST00003,0.088831,0
CUST00004,0.065513596,0
CUST00005,0.53562474,1
CUST00006,0.46234316,0
CUST00007,0.009641121,0
CUST00008,0.011770075,0
CUST00009,0.9384359,1
CUST00010,0.034206048,0
CUST00011,0.0070925993,0
CUST00012,0.007458366,0
CUST00013,0.027789276,0
CUST00014,0.42952755,0
CUST00015,0.030120468,0
CUST00016,0.5862239,1
CUST00017,0.04821969,0
CUST00018,0.37626767,0
CUST00019,0.110705495,0
CUST00020,0.124435805,0
CUST00021,0.010566365,0
CUST00022,0.29587337,0
CUST00023,0.038328774,0
CUST00024,0.039823867,0
CUST00025,0.434471,0
CUST00026,0.5348505,1
CUST00027,0.3879969,0
CUST00028,0.38730833,0
CUST00029,0.03346426,0
CUST00030,0.5995906,1
CUST00031,0.008148317,0
CUST00032,0.38139573,0
CUST00033,0.55150163,1
CUST00034,0.0644823,0
CUST00035,0.01059107,0
CUST00036,0.55787575,1
CUST00037,0.077665955,0
CUST00038,0.005563597,0
CUST00039,0.27301678,0
CUST00040,0.004487801,0
CUST00041,0.008007239,0
CUST00042,0.012282915,0
CUST00043,0.05770354,0
CUST00044,0.5732275,1
CUST00045,0.51066,1
CUST00046,0.12845989,0
CUST00047,0.61945933,1
CUST00048,0.7729563,1
CUST00049,0.21892413,0
CUST00050,0.06473185,0
CUST00051,0.4830656,0
CUST00052,0.010876827,0
CUST00053,0.33169353,0
CUST00054,0.14079286,0
CUST00055,0.94492483,1
CUST00056,0.14195427,0
CUST00057,0.23169455,0
CUST00058,0.047683217,0
CUST00059,0.11042456,0
CUST00060,0.20230782,0
CUST00061,0.029312732,0
CUST00062,0.11895909,0
CUST00063,0.7080837,1
CUST00064,0.031488102,0
CUST00065,0.10143846,0
CUST00066,0.0817278,0
CUST00067,0.026097277,0
CUST00068,0.023496982,0
CUST00069,0.4726686,0
CUST00070,0.1473781,0
CUST00071,0.6226435,1
CUST00072,0.26381826,0
CUST00073,0.9528468,1
CUST00074,0.005984921,0
CUST00075,0.051778175,0
CUST00076,0.5179459,1
CUST00077,0.1074122,0
CUST00078,0.4884657,0
CUST00079,0.28207436,0
CUST00080,0.10168752,0
CUST00081,0.058044262,0
CUST00082,0.5592802,1
CUST00083,0.06568042,0
CUST00084,0.101204075,0
CUST00085,0.037348516,0
CUST00086,0.6785659,1
CUST00087,0.045220893,0
CUST00088,0.6025318,1
CUST00089,0.12780373,0
CUST00090,0.25876388,0
CUST00091,0.0062523806,0
CUST00092,0.037699047,0
CUST00093,0.25196916,0
CUST00094,0.75157994,1
CUST00095,0.2998621,0
CUST00096,0.033672627,0
CUST00097,0.7249919,1
CUST00098,0.49016073,0
CUST00099,0.6573122,1
CUST00100,0.015435389,0
CUST00101,0.4867564,0
CUST00102,0.06489714,0
CUST00103,0.25175855,0
CUST00104,0.28172886,0
CUST00105,0.04730705,0
CUST00106,0.08155048,0
CUST00107,0.050518528,0
CUST00108,0.007141507,0
CUST00109,0.022921536,0
CUST00110,0.9611207,1
CUST00111,0.04824773,0
CUST00112,0.04351472,0
CUST00113,0.008688293,0
CUST00114,0.061218403,0
CUST00115,0.015676748,0
CUST00116,0.042182203,0
CUST00117,0.21062383,0
CUST00118,0.00839641,0
CUST00119,0.18643066,0
CUST00120,0.76954454,1
CUST00121,0.87471163,1
CUST00122,0.097662695,0
CUST00123,0.05271907,0
CUST00124,0.016791912,0
CUST00125,0.8800155,1
CUST00126,0.29752147,0
CUST00127,0.27384263,0
CUST00128,0.032907553,0
CUST00129,0.013594101,0
CUST00130,0.5994853,1
CUST00131,0.3527408,0
CUST00132,0.03865657,0
CUST00133,0.48618913,0
CUST00134,0.7616001,1
CUST00135,0.005736139,0
CUST00136,0.16866903,0
CUST00137,0.5911044,1
CUST00138,0.025585813,0
CUST00139,0.15580183,0
CUST00140,0.48176268,0
CUST00141,0.14715289,0
CUST00142,0.12588395,0
CUST00143,0.06495843,0
CUST00144,0.013786596,0
CUST00145,0.023972658,0
CUST00146,0.06990469,0
CUST00147,0.021546775,0
CUST00148,0.396813,0
CUST00149,0.9675116,1
CUST00150,0.01927893,0
CUST00151,0.032937013,0
CUST00152,0.8373431,1
CUST00153,0.051176857,0
CUST00154,0.017813463,0
CUST00155,0.0119176665,0
CUST00156,0.3779863,0
CUST00157,0.37461257,0
CUST00158,0.025366472,0
CUST00159,0.06581631,0
CUST00160,0.02851483,0
CUST00161,0.7799855,1
CUST00162,0.04948405,0
CUST00163,0.012257026,0
CUST00164,0.0047502466,0
CUST00165,0.062345024,0
CUST00166,0.021930978,0
CUST00167,0.0493247,0
CUST00168,0.018067552,0
CUST00169,0.08031264,0
CUST00170,0.51144505,1
CUST00171,0.020677438,0
CUST00172,0.7063074,1
CUST00173,0.22209577,0
CUST00174,0.016955042,0
CUST00175,0.073763505,0
CUST00176,0.07190216,0
CUST00177,0.69859135,1
CUST00178,0.05021692,0
CUST00179,0.117048845,0
CUST00180,0.025062056,0
CUST00181,0.59885216,1
CUST00182,0.027313553,0
CUST00183,0.030987324,0
CUST00184,0.92340326,1
CUST00185,0.08881063,0
CUST00186,0.15960248,0
CUST00187,0.009131016,0
CUST00188,0.097543016,0
CUST00189,0.54093206,1
CUST00190,0.08551967,0
CUST00191,0.36313477,0
CUST00192,0.109093025,0
CUST00193,0.55032504,1
CUST00194,0.023928719,0
CUST00195,0.0078053465,0
CUST00196,0.8382175,1
CUST00197,0.39052898,0
CUST00198,0.022135587,0
CUST00199,0.03971692,0
CUST00200,0.17190912,0
CUST00201,0.009669152,0
CUST00202,0.020270115,0
CUST00203,0.049751107,0
CUST00204,0.042260434,0
CUST00205,0.12914778,0
CUST00206,0.27614942,0
CUST00207,0.26608935,0
CUST00208,0.86705655,1
CUST00209,0.68076456,1
CUST00210,0.8878533,1
CUST00211,0.0104506565,0
CUST00212,0.7386066,1
CUST00213,0.6102485,1
CUST00214,0.06397849,0
CUST00215,0.03271811,0
CUST00216,0.15675694,0
CUST00217,0.019461634,0
CUST00218,0.024434702,0
CUST00219,0.006916322,0
CUST00220,0.023077462,0
CUST00221,0.03928282,0
CUST00222,0.00907658,0
CUST00223,0.13857074,0
CUST00224,0.045442864,0
CUST00225,0.016464515,0
CUST00226,0.1647103,0
CUST00227,0.03689306,0
CUST00228,0.095159695,0
CUST00229,0.04219248,0
CUST00230,0.0072112153,0
CUST00231,0.03928984,0
CUST00232,0.93655574,1
CUST00233,0.055256035,0
CUST00234,0.38321653,0
CUST00235,0.061393015,0
CUST00236,0.8018243,1
CUST00237,0.07289563,0
CUST00238,0.0051707793,0
CUST00239,0.9719144,1
CUST00240,0.29002306,0
CUST00241,0.039124712,0
CUST00242,0.014506095,0
CUST00243,0.65739864,1
CUST00244,0.5278052,1
CUST00245,0.97608715,1
CUST00246,0.36577508,0
CUST00247,0.021842225,0
CUST00248,0.24210744,0
CUST00249,0.010712096,0
CUST00250,0.069292195,0
CUST00251,0.027886236,0
CUST00252,0.0070559094,0
CUST00253,0.108024865,0
CUST00254,0.021450063,0
CUST00255,0.8219198,1
CUST00256,0.018302571,0
CUST00257,0.008313757,0
CUST00258,0.025903214,0
CUST00259,0.9470037,1
CUST00260,0.046114184,0
CUST00261,0.074768,0
CUST00262,0.37324956,0
CUST00263,0.98049384,1
CUST00264,0.096333124,0
CUST00265,0.019593049,0
CUST00266,0.021648444,0
CUST00267,0.18091342,0
CUST00268,0.017172202,0
CUST00269,0.8420861,1
CUST00270,0.031140052,0
CUST00271,0.1574474,0
CUST00272,0.0026920508,0
CUST00273,0.015789688,0
CUST00274,0.035566073,0
CUST00275,0.03449622,0
CUST00276,0.08486645,0
CUST00277,0.18815231,0
CUST00278,0.9156002,1
CUST00279,0.0074536446,0
CUST00280,0.07758192,0
CUST00281,0.016329072,0
CUST00282,0.29588723,0
CUST00283,0.6650963,1
CUST00284,0.44997922,0
CUST00285,0.4723566,0
CUST00286,0.1509462,0
CUST00287,0.01716451,0
CUST00288,0.18618225,0
CUST00289,0.0073250183,0
CUST00290,0.008367228,0
CUST00291,0.031893916,0
CUST00292,0.0028874276,0
CUST00293,0.6588404,1
CUST00294,0.33440325,0
CUST00295,0.05210322,0
CUST00296,0.18976232,0
CUST00297,0.26882684,0
CUST00298,0.08291665,0
CUST00299,0.03156211,0
CUST00300,0.019573813,0
CUST00301,0.715449,1
CUST00302,0.1486907,0
CUST00303,0.0069895135,0
CUST00304,0.056452405,0
CUST00305,0.057621818,0
CUST00306,0.08800096,0
CUST00307,0.012694583,0
CUST00308,0.044579618,0
CUST00309,0.027476348,0
CUST00310,0.10972336,0
CUST00311,0.9426737,1
CUST00312,0.39930585,0
CUST00313,0.010859808,0
CUST00314,0.22848554,0
CUST00315,0.07251027,0
CUST00316,0.028978901,0
CUST00317,0.036585532,0
CUST00318,0.45518854,0
CUST00319,0.29826787,0
CUST00320,0.028620431,0
CUST00321,0.0024886678,0
CUST00322,0.123179965,0
CUST00323,0.40413684,0
CUST00324,0.022703333,0
CUST00325,0.5183084,1
CUST00326,0.7522978,1
CUST00327,0.043051828,0
CUST00328,0.85165876,1
CUST00329,0.6355217,1
CUST00330,0.15362583,0
CUST00331,0.094468154,0
CUST00332,0.8818652,1
CUST00333,0.2777903,0
CUST00334,0.3296127,0
CUST00335,0.01976142,0
CUST00336,0.020580903,0
CUST00337,0.9503419,1
CUST00338,0.04307471,0
CUST00339,0.006251234,0
CUST00340,0.018177008,0
CUST00341,0.341465,0
CUST00342,0.04043071,0
CUST00343,0.049888525,0
CUST00344,0.32496834,0
CUST00345,0.10983573,0
CUST00346,0.038889404,0
CUST00347,0.010698627,0
CUST00348,0.6010453,1
CUST00349,0.116229646,0
CUST00350,0.038937688,0
CUST00351,0.6422783,1
CUST00352,0.02818868,0
CUST00353,0.013140345,0
CUST00354,0.667856,1
CUST00355,0.0100567825,0
CUST00356,0.31999147,0
CUST00357,0.0072248452,0
CUST00358,0.7023468,1
CUST00359,0.09695857,0
CUST00360,0.89058197,1
CUST00361,0.09177886,0
CUST00362,0.004507336,0
CUST00363,0.03791571,0
CUST00364,0.0071523385,0
CUST00365,0.56028956,1
CUST00366,0.66748905,1
CUST00367,0.11336268,0
CUST00368,0.011854656,0
CUST00369,0.21487032,0
CUST00370,0.019489642,0
CUST00371,0.04071701,0
CUST00372,0.010809181,0
CUST00373,0.010621488,0
CUST00374,0.9787981,1
CUST00375,0.024281977,0
CUST00376,0.90976024,1
CUST00377,0.010787691,0
CUST00378,0.022882456,0
CUST00379,0.00748584,0
CUST00380,0.06781005,0
CUST00381,0.5304379,1
CUST00382,0.01206217,0
CUST00383,0.04320445,0
CUST00384,0.06415202,0
CUST00385,0.33912158,0
CUST00386,0.06954451,0
CUST00387,0.0061501265,0
CUST00388,0.50938606,1
CUST00389,0.049180835,0
CUST00390,0.023696631,0
CUST00391,0.014345025,0
CUST00392,0.0980664,0
CUST00393,0.88431734,1
CUST00394,0.01678025,0
CUST00395,0.008813112,0
CUST00396,0.020636909,0
CUST00397,0.09161315,0
CUST00398,0.9177867,1
CUST00399,0.032945998,0
CUST00400,0.02030967,0
CUST00401,0.022196079,0
CUST00402,0.005689021,0
CUST00403,0.17859504,0
CUST00404,0.022969028,0
CUST00405,0.05919134,0
CUST00406,0.8453914,1
CUST00407,0.53872144,1
CUST00408,0.9172082,1
CUST00409,0.032946296,0
CUST00410,0.09412616,0
CUST00411,0.014544447,0
CUST00412,0.027945071,0
CUST00413,0.81510645,1
CUST00414,0.6798906,1
CUST00415,0.047597684,0
CUST00416,0.51224744,1
CUST00417,0.1099347,0
CUST00418,0.0061832634,0
CUST00419,0.03497976,0
CUST00420,0.012216606,0
CUST00421,0.011312015,0
CUST00422,0.9161874,1
CUST00423,0.011352789,0
CUST00424,0.03556792,0
CUST00425,0.08474754,0
CUST00426,0.07194528,0
CUST00427,0.047235206,0
CUST00428,0.0496456,0
CUST00429,0.13148607,0
CUST00430,0.0026461228,0
CUST00431,0.01279297,0
CUST00432,0.03039965,0
CUST00433,0.025296034,0
CUST00434,0.0036047383,0
CUST00435,0.047162477,0
CUST00436,0.01515186,0
CUST00437,0.40362915,0
CUST00438,0.07588742,0
CUST00439,0.0052497247,0
CUST00440,0.23261671,0
CUST00441,0.44996333,0
CUST00442,0.6585158,1
CUST00443,0.0890749,0
CUST00444,0.5560514,1
CUST00445,0.014933787,0
CUST00446,0.109021865,0
CUST00447,0.39420965,0
CUST00448,0.031737678,0
CUST00449,0.046657316,0
CUST00450,0.05572287,0
CUST00451,0.11141036,0
CUST00452,0.42370233,0
CUST00453,0.95501065,1
CUST00454,0.019211896,0
CUST00455,0.017915256,0
CUST00456,0.070614405,0
CUST00457,0.043290623,0
CUST00458,0.00644314,0
CUST00459,0.009640915,0
CUST00460,0.0049606347,0
CUST00461,0.8120009,1
CUST00462,0.012135738,0
CUST00463,0.0919934,0
CUST00464,0.05672026,0
CUST00465,0.63793874,1
CUST00466,0.07190076,0
CUST00467,0.958816,1
CUST00468,0.45958096,0
CUST00469,0.063227765,0
CUST00470,0.034395292,0
CUST00471,0.22632183,0
CUST00472,0.12772469,0
CUST00473,0.39454955,0
CUST00474,0.06167319,0
CUST00475,0.10586323,0
CUST00476,0.0132487295,0
CUST00477,0.26222244,0
CUST00478,0.010551694,0
CUST00479,0.9602441,1
CUST00480,0.017510608,0
CUST00481,0.15038946,0
CUST00482,0.028698377,0
CUST00483,0.050679892,0
CUST00484,0.14677139,0
CUST00485,0.059875928,0
CUST00486,0.19867851,0
CUST00487,0.63331616,1
CUST00488,0.325147,0
CUST00489,0.062666595,0
CUST00490,0.041375075,0
CUST00491,0.92552984,1
CUST00492,0.45622188,0
CUST00493,0.014097207,0
CUST00494,0.015614877,0
CUST00495,0.007503753,0
CUST00496,0.10847054,0
CUST00497,0.087181814,0
CUST00498,0.022733342,0
CUST00499,0.708356,1
CUST00500,0.0134157725,0
CUST00501,0.046987098,0
CUST00502,0.14372405,0
CUST00503,0.12488659,0
CUST00504,0.13924848,0
CUST00505,0.90394765,1
CUST00506,0.060942985,0
CUST00507,0.9670465,1
CUST00508,0.0028549088,0
CUST00509,0.0062139565,0
CUST00510,0.09684712,0
CUST00511,0.11397277,0
CUST00512,0.0111156115,0
CUST00513,0.111388594,0
CUST00514,0.5682892,1
CUST00515,0.08629076,0
CUST00516,0.015427804,0
CUST00517,0.054627776,0
CUST00518,0.026820693,0
CUST00519,0.050191615,0
CUST00520,0.07465538,0
CUST00521,0.08660319,0
CUST00522,0.10552197,0
CUST00523,0.203361,0
CUST00524,0.8771873,1
CUST00525,0.33517954,0
CUST00526,0.15689017,0
CUST00527,0.013110574,0
CUST00528,0.9487647,1
CUST00529,0.112379424,0
CUST00530,0.59981036,1
CUST00531,0.05405989,0
CUST00532,0.0047791353,0
CUST00533,0.039183587,0
CUST00534,0.72346294,1
CUST00535,0.8726669,1
CUST00536,0.50816226,1
CUST00537,0.10280036,0
CUST00538,0.025478605,0
CUST00539,0.035396814,0
CUST00540,0.2321934,0
CUST00541,0.014431145,0
CUST00542,0.008689936,0
CUST00543,0.31174222,0
CUST00544,0.01740132,0
CUST00545,0.11996962,0
CUST00546,0.32619074,0
CUST00547,0.8531092,1
CUST00548,0.029942762,0
CUST00549,0.015225747,0
CUST00550,0.0016681491,0
CUST00551,0.02618574,0
CUST00552,0.9571135,1
CUST00553,0.71117574,1
CUST00554,0.031592,0
CUST00555,0.11228112,0
CUST00556,0.06446395,0
CUST00557,0.056702435,0
CUST00558,0.12292237,0
CUST00559,0.03371153,0
CUST00560,0.552841,1
CUST00561,0.04937191,0
CUST00562,0.04858722,0
CUST00563,0.048035994,0
CUST00564,0.9380488,1
CUST00565,0.13551274,0
CUST00566,0.06635019,0
CUST00567,0.102235846,0
CUST00568,0.007324176,0
CUST00569,0.021200307,0
CUST00570,0.1448541,0
CUST00571,0.018041637,0
CUST00572,0.08544962,0
CUST00573,0.9278758,1
CUST00574,0.462711,0
CUST00575,0.48127374,0
CUST00576,0.013645702,0
CUST00577,0.2351257,0
CUST00578,0.048591577,0
CUST00579,0.040311277,0
CUST00580,0.4510366,0
CUST00581,0.098653525,0
CUST00582,0.1474371,0
CUST00583,0.66596013,1
CUST00584,0.4734887,0
CUST00585,0.101519555,0
CUST00586,0.89826804,1
CUST00587,0.02068926,0
CUST00588,0.022051767,0
CUST00589,0.031137433,0
CUST00590,0.8420481,1
CUST00591,0.06928753,0
CUST00592,0.008195678,0
CUST00593,0.9584802,1
CUST00594,0.016341982,0
CUST00595,0.051047683,0
CUST00596,0.24948679,0
CUST00597,0.40977088,0
CUST00598,0.014336356,0
CUST00599,0.9830201,1
CUST00600,0.11339223,0
CUST00601,0.015352563,0
CUST00602,0.21598624,0
CUST00603,0.040445253,0
CUST00604,0.003551304,0
CUST00605,0.0030287476,0
CUST00606,0.059918504,0
CUST00607,0.060734548,0
CUST00608,0.18527624,0
CUST00609,0.038086455,0
CUST00610,0.027999278,0
CUST00611,0.021398999,0
CUST00612,0.016184185,0
CUST00613,0.008659249,0
CUST00614,0.47684187,0
CUST00615,0.09861061,0
CUST00616,0.8119584,1
CUST00617,0.16745365,0
CUST00618,0.07073455,0
CUST00619,0.025749283,0
CUST00620,0.056889687,0
CUST00621,0.10212635,0
CUST00622,0.17053129,0
CUST00623,0.02301269,0
CUST00624,0.69851255,1
CUST00625,0.04070818,0
CUST00626,0.031309493,0
CUST00627,0.35370222,0
CUST00628,0.06110557,0
CUST00629,0.23761988,0
CUST00630,0.9790283,1
CUST00631,0.08366181,0
CUST00632,0.038948145,0
CUST00633,0.032260444,0
CUST00634,0.058835953,0
CUST00635,0.004965201,0
CUST00636,0.93774205,1
CUST00637,0.035311982,0
CUST00638,0.44481823,0
CUST00639,0.2975786,0
CUST00640,0.1719401,0
CUST00641,0.14149766,0
CUST00642,0.010049171,0
CUST00643,0.5382633,1
CUST00644,0.056857392,0
CUST00645,0.79089457,1
CUST00646,0.09236438,0
CUST00647,0.8911012,1
CUST00648,0.19396539,0
CUST00649,0.43509126,0
CUST00650,0.006250879,0
CUST00651,0.50262517,1
CUST00652,0.038638756,0
CUST00653,0.16957112,0
CUST00654,0.5121274,1
CUST00655,0.033225827,0
CUST00656,0.0025355176,0
CUST00657,0.6379392,1
CUST00658,0.36798018,0
CUST00659,0.11345146,0
CUST00660,0.8248078,1
CUST00661,0.011056153,0
CUST00662,0.040572837,0
CUST00663,0.022006921,0
CUST00664,0.7504975,1
CUST00665,0.007582048,0
CUST00666,0.028471624,0
CUST00667,0.012749166,0
CUST00668,0.31407827,0
CUST00669,0.09686094,0
CUST00670,0.028073976,0
CUST00671,0.054308914,0
CUST00672,0.055872787,0
CUST00673,0.013682269,0
CUST00674,0.17072046,0
CUST00675,0.03788671,0
CUST00676,0.17090149,0
CUST00677,0.5700163,1
CUST00678,0.5456167,1
CUST00679,0.16916507,0
CUST00680,0.12368184,0
CUST00681,0.012692163,0
CUST00682,0.010568843,0
CUST00683,0.13462001,0
CUST00684,0.59493613,1
CUST00685,0.015609131,0
CUST00686,0.185628,0
CUST00687,0.04551239,0
CUST00688,0.83760095,1
CUST00689,0.040327035,0
CUST00690,0.42761976,0
CUST00691,0.01930638,0
CUST00692,0.022837726,0
CUST00693,0.7335687,1
CUST00694,0.090948604,0
CUST00695,0.022238757,0
CUST00696,0.59119236,1
CUST00697,0.36904567,0
CUST00698,0.5685962,1
CUST00699,0.39107904,0
CUST00700,0.3836772,0
CUST00701,0.086097494,0
CUST00702,0.0058129556,0
CUST00703,0.0016124194,0
CUST00704,0.09377465,0
CUST00705,0.12459165,0
CUST00706,0.024689524,0
CUST00707,0.12434049,0
CUST00708,0.09692747,0
CUST00709,0.4367278,0
CUST00710,0.796017,1
CUST00711,0.065863505,0
CUST00712,0.0060118334,0
CUST00713,0.028664801,0
CUST00714,0.77015907,1
CUST00715,0.44098607,0
CUST00716,0.43418917,0
CUST00717,0.3877651,0
CUST00718,0.17372297,0
CUST00719,0.4997166,0
CUST00720,0.006161784,0
CUST00721,0.19311874,0
CUST00722,0.82794076,1
CUST00723,0.008533862,0
CUST00724,0.015928335,0
CUST00725,0.08975677,0
CUST00726,0.018936614,0
CUST00727,0.427345,0
CUST00728,0.0105677415,0
CUST00729,0.09784919,0
CUST00730,0.7994951,1
CUST00731,0.00793728,0
CUST00732,0.002883079,0
CUST00733,0.13084728,0
CUST00734,0.44846737,0
CUST00735,0.06593072,0
CUST00736,0.7798192,1
CUST00737,0.9513998,1
CUST00738,0.97884506,1
CUST00739,0.8835387,1
CUST00740,0.0051106517,0
CUST00741,0.01716306,0
CUST00742,0.012370803,0
CUST00743,0.1113829,0
CUST00744,0.24369003,0
CUST00745,0.36468112,0
CUST00746,0.0027735282,0
CUST00747,0.005823434,0
CUST00748,0.005233628,0
CUST00749,0.07433855,0
CUST00750,0.7498343,1
CUST00751,0.16915612,0
CUST00752,0.86964285,1
CUST00753,0.5815169,1
CUST00754,0.87430805,1
CUST00755,0.009366004,0
CUST00756,0.765521,1
CUST00757,0.021365188,0
CUST00758,0.053274166,0
CUST00759,0.051346622,0
CUST00760,0.49477223,0
CUST00761,0.039091688,0
CUST00762,0.014467597,0
CUST00763,0.8386583,1
CUST00764,0.4461118,0
CUST00765,0.028834559,0
CUST00766,0.2576199,0
CUST00767,0.5352832,1
CUST00768,0.078994945,0
CUST00769,0.00743165,0
CUST00770,0.041470043,0
CUST00771,0.06679162,0
CUST00772,0.08761081,0
CUST00773,0.72351044,1
CUST00774,0.9583631,1
CUST00775,0.73688596,1
CUST00776,0.7360487,1
CUST00777,0.0059099705,0
CUST00778,0.5884689,1
CUST00779,0.2665556,0
CUST00780,0.013199679,0
CUST00781,0.013037175,0
CUST00782,0.113287404,0
CUST00783,0.099994734,0
CUST00784,0.004537988,0
CUST00785,0.041616656,0
CUST00786,0.0654452,0
CUST00787,0.017402062,0
CUST00788,0.49848244,0
CUST00789,0.04562137,0
CUST00790,0.55210614,1
CUST00791,0.18489312,0
CUST00792,0.019838441,0
CUST00793,0.04003616,0
CUST00794,0.0147135025,0
CUST00795,0.48560733,0
CUST00796,0.04734919,0
CUST00797,0.11418225,0
CUST00798,0.06258693,0
CUST00799,0.0074543892,0
CUST00800,0.10058838,0
CUST00801,0.026809772,0
CUST00802,0.850404,1
CUST00803,0.49778524,0
CUST00804,0.014653276,0
CUST00805,0.0197966,0
CUST00806,0.027904138,0
CUST00807,0.42032948,0
CUST00808,0.31601548,0
CUST00809,0.7724156,1
CUST00810,0.015725208,0
CUST00811,0.005450999,0
CUST00812,0.58519864,1
CUST00813,0.90754193,1
CUST00814,0.116220705,0
CUST00815,0.058604114,0
CUST00816,0.10279923,0
CUST00817,0.008475869,0
CUST00818,0.011419852,0
CUST00819,0.032949314,0
CUST00820,0.034390494,0
CUST00821,0.031039793,0
CUST00822,0.076681085,0
CUST00823,0.055117853,0
CUST00824,0.025763288,0
CUST00825,0.0055732164,0
CUST00826,0.14779036,0
CUST00827,0.13814989,0
CUST00828,0.01802139,0
CUST00829,0.45488545,0
CUST00830,0.029067123,0
CUST00831,0.009621936,0
CUST00832,0.035765685,0
CUST00833,0.016279086,0
CUST00834,0.033307664,0
CUST00835,0.84558606,1
CUST00836,0.07036471,0
CUST00837,0.1574802,0
CUST00838,0.012253614,0
CUST00839,0.64948475,1
CUST00840,0.008190516,0
CUST00841,0.6566896,1
CUST00842,0.18968877,0
CUST00843,0.63862175,1
CUST00844,0.0097721955,0
CUST00845,0.5425746,1
CUST00846,0.9158541,1
CUST00847,0.6544481,1
CUST00848,0.49064422,0
CUST00849,0.049615446,0
CUST00850,0.28586465,0
CUST00851,0.04706083,0
CUST00852,0.0125364065,0
CUST00853,0.0044518737,0
CUST00854,0.011927553,0
CUST00855,0.02250115,0
CUST00856,0.041031945,0
CUST00857,0.031280857,0
CUST00858,0.08927201,0
CUST00859,0.013358108,0
CUST00860,0.019734263,0
CUST00861,0.02997965,0
CUST00862,0.0061545228,0
CUST00863,0.015307929,0
CUST00864,0.008342719,0
CUST00865,0.25282282,0
CUST00866,0.09796821,0
CUST00867,0.07133729,0
CUST00868,0.1253263,0
CUST00869,0.7179501,1
CUST00870,0.9593663,1
CUST00871,0.016001254,0
CUST00872,0.092766926,0
CUST00873,0.13445634,0
CUST00874,0.01674691,0
CUST00875,0.91888565,1
CUST00876,0.019365195,0
CUST00877,0.04472079,0
CUST00878,0.050000533,0
CUST00879,0.0020083531,0
CUST00880,0.009379104,0
CUST00881,0.019664092,0
CUST00882,0.16082855,0
CUST00883,0.11089375,0
CUST00884,0.112506464,0
CUST00885,0.017905401,0
CUST00886,0.024690254,0
CUST00887,0.027779173,0
CUST00888,0.13968788,0
CUST00889,0.006925885,0
CUST00890,0.018082734,0
CUST00891,0.00974315,0
CUST00892,0.012051542,0
CUST00893,0.062340416,0
CUST00894,0.021019652,0
CUST00895,0.016023636,0
CUST00896,0.0048569264,0
CUST00897,0.11612318,0
CUST00898,0.15782523,0
CUST00899,0.013395275,0
CUST00900,0.0062969695,0
CUST00901,0.006908021,0
CUST00902,0.0030307686,0
CUST00903,0.036219914,0
CUST00904,0.026165586,0
CUST00905,0.035620257,0
CUST00906,0.118863635,0
CUST00907,0.7625892,1
CUST00908,0.120928906,0
CUST00909,0.015472188,0
CUST00910,0.06721924,0
CUST00911,0.01032883,0
CUST00912,0.029687935,0
CUST00913,0.032742977,0
CUST00914,0.016835345,0
CUST00915,0.020392621,0
CUST00916,0.007167928,0
CUST00917,0.07805627,0
CUST00918,0.035828494,0
CUST00919,0.054904964,0
CUST00920,0.0031702784,0
CUST00921,0.073858544,0
CUST00922,0.14715135,0
CUST00923,0.07682175,0
CUST00924,0.029193953,0
CUST00925,0.97000307,1
CUST00926,0.6968343,1
CUST00927,0.0051470674,0
CUST00928,0.023356006,0
CUST00929,0.1778373,0
CUST00930,0.018407712,0
CUST00931,0.7663476,1
CUST00932,0.011814418,0
CUST00933,0.0133190295,0
CUST00934,0.016548457,0
CUST00935,0.044613976,0
CUST00936,0.03132109,0
CUST00937,0.092059575,0
CUST00938,0.0115793375,0
CUST00939,0.03056904,0
CUST00940,0.75465995,1
CUST00941,0.025181476,0
CUST00942,0.022770299,0
CUST00943,0.011953025,0
CUST00944,0.94421786,1
CUST00945,0.0062931874,0
CUST00946,0.009758386,0
CUST00947,0.05500658,0
CUST00948,0.030312702,0
CUST00949,0.025458978,0
CUST00950,0.70868254,1
CUST00951,0.013561798,0
CUST00952,0.0033111556,0
CUST00953,0.11565157,0
CUST00954,0.002744457,0
CUST00955,0.03138723,0
CUST00956,0.03466336,0
CUST00957,0.010059526,0
CUST00958,0.053926732,0
CUST00959,0.00069663714,0
CUST00960,0.0059618484,0
CUST00961,0.07583726,0
CUST00962,0.0049725045,0
CUST00963,0.008013999,0
CUST00964,0.017771665,0
CUST00965,0.63987464,1
CUST00966,0.012853701,0
CUST00967,0.03281337,0
CUST00968,0.0052980664,0
CUST00969,0.029120866,0
CUST00970,0.005211669,0
CUST00971,0.025125531,0
CUST00972,0.0025933525,0
CUST00973,0.14490184,0
CUST00974,0.009655559,0
CUST00975,0.013513059,0
CUST00976,0.0068838587,0
CUST00977,0.0054440885,0
CUST00978,0.014546962,0
CUST00979,0.021509266,0
CUST00980,0.071438365,0
CUST00981,0.10971258,0
CUST00982,0.088372774,0
CUST00983,0.00834434,0
CUST00984,0.018651022,0
CUST00985,0.81702334,1
CUST00986,0.015591132,0
CUST00987,0.21204983,0
CUST00988,0.003444763,0
CUST00989,0.05612393,0
CUST00990,0.020345151,0
CUST00991,0.007944046,0
CUST00992,0.034189977,0
CUST00993,0.906976,1
CUST00994,0.025106315,0
CUST00995,0.04398543,0
CUST00996,0.011112315,0
CUST00997,0.020356763,0
CUST00998,0.035946555,0
CUST00999,0.01426889,0
CUST01000,0.01042758,0
CUST01001,0.0013465156,0
CUST01002,0.066817366,0
CUST01003,0.021033581,0
CUST01004,0.03598229,0
CUST01005,0.010452482,0
CUST01006,0.013575374,0
CUST01007,0.016954765,0
CUST01008,0.007186381,0
CUST01009,0.0028006393,0
CUST01010,0.027579924,0
CUST01011,0.001496778,0
CUST01012,0.0047539542,0
CUST01013,0.012628641,0
CUST01014,0.013353458,0
CUST01015,0.025310617,0
CUST01016,0.018152414,0
CUST01017,0.066272646,0
CUST01018,0.008377577,0
CUST01019,0.86718893,1
CUST01020,0.011403256,0
CUST01021,0.2796471,0
CUST01022,0.018591844,0
CUST01023,0.7896026,1
CUST01024,0.015051116,0
CUST01025,0.04370115,0
CUST01026,0.94230974,1
CUST01027,0.07899104,0
CUST01028,0.013485038,0
CUST01029,0.007289512,0
CUST01030,0.010154487,0
CUST01031,0.047226567,0
CUST01032,0.009487487,0
CUST01033,0.01703626,0
CUST01034,0.17230895,0
CUST01035,0.14068088,0
CUST01036,0.02975575,0
CUST01037,0.0034358792,0
CUST01038,0.074464776,0
CUST01039,0.0055635655,0
CUST01040,0.02974716,0
CUST01041,0.0037204004,0
CUST01042,0.0030830032,0
CUST01043,0.044944353,0
CUST01044,0.97192454,1
CUST01045,0.02510799,0
CUST01046,0.06814229,0
CUST01047,0.009832033,0
CUST01048,0.0020809239,0
CUST01049,0.09197383,0
CUST01050,0.0039386647,0
CUST01051,0.9115822,1
CUST01052,0.24682173,0
CUST01053,0.03509268,0
CUST01054,0.0042199357,0
CUST01055,0.00692785,0
CUST01056,0.07370688,0
CUST01057,0.03033174,0
CUST01058,0.013133997,0
CUST01059,0.038704675,0
CUST01060,0.0577409,0
CUST01061,0.0036982484,0
CUST01062,0.0057324586,0
CUST01063,0.5186686,1
CUST01064,0.035656773,0
CUST01065,0.015561996,0
CUST01066,0.003615548,0
CUST01067,0.003623341,0
CUST01068,0.04187428,0
CUST01069,0.027314078,0
CUST01070,0.00630943,0
CUST01071,0.051480584,0
CUST01072,0.00459469,0
CUST01073,0.013961571,0
CUST01074,0.04961392,0
CUST01075,0.00580391,0
CUST01076,0.85505205,1
CUST01077,0.017101556,0
CUST01078,0.016926264,0
CUST01079,0.058444712,0
CUST01080,0.71709883,1
CUST01081,0.8956579,1
CUST01082,0.02954363,0
CUST01083,0.003888475,0
CUST01084,0.009893569,0
CUST01085,0.26177812,0
CUST01086,0.005207606,0
CUST01087,0.099509746,0
CUST01088,0.95743006,1
CUST01089,0.6471795,1
CUST01090,0.9727232,1
CUST01091,0.015807416,0
CUST01092,0.008091223,0
CUST01093,0.031200405,0
CUST01094,0.007108514,0
CUST01095,0.017644554,0
CUST01096,0.04069339,0
CUST01097,0.00692197,0
CUST01098,0.9156164,1
CUST01099,0.074316464,0
CUST01100,0.08291967,0
CUST01101,0.0066159097,0
CUST01102,0.004010238,0
CUST01103,0.9724803,1
CUST01104,0.1428741,0
CUST01105,0.017630525,0
CUST01106,0.17363411,0
CUST01107,0.038551245,0
CUST01108,0.002576109,0
CUST01109,0.0069800313,0
CUST01110,0.0052127545,0
CUST01111,0.01615867,0
CUST01112,0.20444031,0
CUST01113,0.89406025,1
CUST01114,0.0062668137,0
CUST01115,0.009620681,0
CUST01116,0.084255554,0
CUST01117,0.05705722,0
CUST01118,0.90118504,1
CUST01119,0.6137381,1
CUST01120,0.018112784,0
CUST01121,0.12060616,0
CUST01122,0.014362369,0
CUST01123,0.006890757,0
CUST01124,0.021008495,0
CUST01125,0.0203516,0
CUST01126,0.02099797,0
CUST01127,0.030681418,0
CUST01128,0.0052900887,0
CUST01129,0.031235043,0
CUST01130,0.879207,1
CUST01131,0.0013997037,0
CUST01132,0.020669406,0
CUST01133,0.5348665,1
CUST01134,0.0037187943,0
CUST01135,0.029489104,0
CUST01136,0.019968895,0
CUST01137,0.050786756,0
CUST01138,0.005082985,0
CUST01139,0.007812724,0
CUST01140,0.011302676,0
CUST01141,0.037799757,0
CUST01142,0.0025015874,0
CUST01143,0.011590165,0
CUST01144,0.0275162,0
CUST01145,0.08935375,0
CUST01146,0.0030336701,0
CUST01147,0.006318405,0
CUST01148,0.22532858,0
CUST01149,0.026200322,0
CUST01150,0.034267925,0
CUST01151,0.021600373,0
CUST01152,0.2041366,0
CUST01153,0.046043023,0
CUST01154,0.022901148,0
CUST01155,0.86817634,1
CUST01156,0.03245407,0
CUST01157,0.03182856,0
CUST01158,0.042536106,0
CUST01159,0.10036018,0
CUST01160,0.005439435,0
CUST01161,0.025168005,0
CUST01162,0.021375835,0
CUST01163,0.06457138,0
CUST01164,0.014527495,0
CUST01165,0.020803908,0
CUST01166,0.071949765,0
CUST01167,0.051059652,0
CUST01168,0.018641138,0
CUST01169,0.035344444,0
CUST01170,0.8380233,1
CUST01171,0.009816994,0
CUST01172,0.0069441926,0
CUST01173,0.0018782109,0
CUST01174,0.0074923015,0
CUST01175,0.0022107963,0
CUST01176,0.07389547,0
CUST01177,0.04504437,0
CUST01178,0.0037920682,0
CUST01179,0.04850716,0
CUST01180,0.12005395,0
CUST01181,0.003398519,0
CUST01182,0.0038285204,0
CUST01183,0.012692844,0
CUST01184,0.069693826,0
CUST01185,0.060550176,0
CUST01186,0.03783519,0
CUST01187,0.1593498,0
CUST01188,0.035233505,0
CUST01189,0.02278259,0
CUST01190,0.0032410258,0
CUST01191,0.04952699,0
CUST01192,0.010267687,0
CUST01193,0.0077741556,0
CUST01194,0.01439626,0
CUST01195,0.047361657,0
CUST01196,0.046472616,0
CUST01197,0.017444683,0
CUST01198,0.044062514,0
CUST01199,0.003989028,0
CUST01200,0.031261522,0
CUST01201,0.0065175327,0
CUST01202,0.0063018263,0
CUST01203,0.009106001,0
CUST01204,0.01269111,0
CUST01205,0.7802722,1
CUST01206,0.014666715,0
CUST01207,0.010469812,0
CUST01208,0.0067918836,0
CUST01209,0.003822613,0
CUST01210,0.0037686815,0
CUST01211,0.03203951,0
CUST01212,0.10537457,0
CUST01213,0.069016755,0
CUST01214,0.008017082,0
CUST01215,0.012559897,0
CUST01216,0.014723356,0
CUST01217,0.059227012,0
CUST01218,0.93275404,1
CUST01219,0.08196794,0
CUST01220,0.14563912,0
CUST01221,0.23330748,0
CUST01222,0.0036725055,0
CUST01223,0.017773405,0
CUST01224,0.060660776,0
CUST01225,0.008583396,0
CUST01226,0.07824968,0
CUST01227,0.0057609538,0
CUST01228,0.035480417,0
CUST01229,0.07422,0
CUST01230,0.0051163184,0
CUST01231,0.8544043,1
CUST01232,0.015640132,0
CUST01233,0.018535558,0
CUST01234,0.004533189,0
CUST01235,0.3011427,0
CUST01236,0.22919416,0
CUST01237,0.027846897,0
CUST01238,0.008991601,0
CUST01239,0.006066578,0
CUST01240,0.0353728,0
CUST01241,0.012568576,0
CUST01242,0.9762172,1
CUST01243,0.42965588,0
CUST01244,0.020362018,0
CUST01245,0.0018617531,0
CUST01246,0.9225138,1
CUST01247,0.054377943,0
CUST01248,0.16431183,0
CUST01249,0.013693534,0
CUST01250,0.038819414,0
CUST01251,0.008485889,0
CUST01252,0.008713361,0
CUST01253,0.0053072744,0
CUST01254,0.010500812,0
CUST01255,0.003155419,0
CUST01256,0.022863971,0
CUST01257,0.007698455,0
CUST01258,0.005743854,0
CUST01259,0.0062952307,0
CUST01260,0.18454053,0
CUST01261,0.0059816823,0
CUST01262,0.027215164,0
CUST01263,0.0047504925,0
CUST01264,0.82282865,1
CUST01265,0.023211023,0
CUST01266,0.03598923,0
CUST01267,0.09247155,0
CUST01268,0.76399845,1
CUST01269,0.10556317,0
CUST01270,0.093130626,0
CUST01271,0.15799144,0
CUST01272,0.025543759,0
CUST01273,0.019381588,0
CUST01274,0.015521633,0
CUST01275,0.06274501,0
CUST01276,0.0100575,0
CUST01277,0.021088654,0
CUST01278,0.031744014,0
CUST01279,0.20134169,0
CUST01280,0.108034514,0
CUST01281,0.9606425,1
CUST01282,0.043176673,0
CUST01283,0.10099808,0
CUST01284,0.010999655,0
CUST01285,0.024741096,0
CUST01286,0.0044116336,0
CUST01287,0.0018600047,0
CUST01288,0.115722045,0
CUST01289,0.23312132,0
CUST01290,0.0063662515,0
CUST01291,0.0073299534,0
CUST01292,0.08284035,0
CUST01293,0.10991917,0
CUST01294,0.04455279,0
CUST01295,0.01942657,0
CUST01296,0.008069103,0
CUST01297,0.053846996,0
CUST01298,0.03965154,0
CUST01299,0.0095969485,0
CUST01300,0.012694988,0
CUST01301,0.16761047,0
CUST01302,0.028445186,0
CUST01303,0.8652524,1
CUST01304,0.011703826,0
CUST01305,0.001837319,0
CUST01306,0.012992681,0
CUST01307,0.91471463,1
CUST01308,0.12732758,0
CUST01309,0.03632559,0
CUST01310,0.0031220869,0
CUST01311,0.004184,0
CUST01312,0.019762648,0
CUST01313,0.2584283,0
CUST01314,0.12464882,0
CUST01315,0.104409374,0
CUST01316,0.012211629,0
CUST01317,0.8919416,1
CUST01318,0.0034755508,0
CUST01319,0.8631667,1
CUST01320,0.0062386133,0
CUST01321,0.8974259,1
CUST01322,0.032490354,0
CUST01323,0.039309844,0
CUST01324,0.9524994,1
CUST01325,0.0869111,0
CUST01326,0.6372014,1
CUST01327,0.11563292,0
CUST01328,0.13158953,0
CUST01329,0.06574232,0
CUST01330,0.009267659,0
CUST01331,0.0030466355,0
CUST01332,0.86857945,1
CUST01333,0.1471029,0
CUST01334,0.1995132,0
CUST01335,0.014002632,0
CUST01336,0.013049703,0
CUST01337,0.008426398,0
CUST01338,0.026351849,0
CUST01339,0.012128183,0
CUST01340,0.07568092,0
CUST01341,0.11831589,0
CUST01342,0.05058422,0
CUST01343,0.47864053,0
CUST01344,0.14958675,0
CUST01345,0.002093419,0
CUST01346,0.009619346,0
CUST01347,0.083821,0
CUST01348,0.036778655,0
CUST01349,0.002586044,0
CUST01350,0.015487019,0
CUST01351,0.014946251,0
CUST01352,0.009075808,0
CUST01353,0.057997353,0
CUST01354,0.77825946,1
CUST01355,0.96297157,1
CUST01356,0.023595477,0
CUST01357,0.020844724,0
CUST01358,0.0129194325,0
CUST01359,0.016899815,0
CUST01360,0.0030585642,0
CUST01361,0.15122417,0
CUST01362,0.08515531,0
CUST01363,0.008087068,0
CUST01364,0.025721379,0
CUST01365,0.024990471,0
CUST01366,0.18087576,0
CUST01367,0.06856718,0
CUST01368,0.00434892,0
CUST01369,0.009862323,0
CUST01370,0.82023156,1
CUST01371,0.032384202,0
CUST01372,0.04173749,0
CUST01373,0.25336674,0
CUST01374,0.04260325,0
CUST01375,0.0027206477,0
CUST01376,0.03361854,0
CUST01377,0.028467376,0
CUST01378,0.0038396972,0
CUST01379,0.7947792,1
CUST01380,0.021848535,0
CUST01381,0.95172006,1
CUST01382,0.13904294,0
CUST01383,0.055379234,0
CUST01384,0.003221388,0
CUST01385,0.024345724,0
CUST01386,0.018127894,0
CUST01387,0.009319733,0
CUST01388,0.8247993,1
CUST01389,0.8343769,1
CUST01390,0.05587142,0
CUST01391,0.8849174,1
CUST01392,0.0067532747,0
CUST01393,0.0042110565,0
CUST01394,0.025026416,0
CUST01395,0.23129097,0
CUST01396,0.12225027,0
CUST01397,0.89620787,1
CUST01398,0.048610777,0
CUST01399,0.009097821,0
CUST01400,0.85449386,1
CUST01401,0.08165047,0
CUST01402,0.011408391,0
CUST01403,0.017369999,0
CUST01404,0.0032175637,0
CUST01405,0.034433987,0
CUST01406,0.11645366,0
CUST01407,0.79263806,1
CUST01408,0.012808631,0
CUST01409,0.93050206,1
CUST01410,0.025446447,0
CUST01411,0.016826138,0
CUST01412,0.03808228,0
CUST01413,0.07088273,0
CUST01414,0.9380822,1
CUST01415,0.062706634,0
CUST01416,0.014623308,0
CUST01417,0.021543363,0
CUST01418,0.10796709,0
CUST01419,0.011503046,0
CUST01420,0.011700208,0
CUST01421,0.0014465923,0
CUST01422,0.024704609,0
CUST01423,0.12339397,0
CUST01424,0.020171795,0
CUST01425,0.9666858,1
CUST01426,0.013144867,0
CUST01427,0.0075177182,0
CUST01428,0.044434987,0
CUST01429,0.040186238,0
CUST01430,0.021108687,0
CUST01431,0.06782067,0
CUST01432,0.018794782,0
CUST01433,0.012626299,0
CUST01434,0.029688101,0
CUST01435,0.050174035,0
CUST01436,0.022175292,0
CUST01437,0.012101116,0
CUST01438,0.0059579276,0
CUST01439,0.0058353725,0
CUST01440,0.15358476,0
CUST01441,0.014340218,0
CUST01442,0.011978242,0
CUST01443,0.0062301103,0
CUST01444,0.0052676713,0
CUST01445,0.79543847,1
CUST01446,0.011720732,0
CUST01447,0.8368247,1
CUST01448,0.009376083,0
CUST01449,0.0018854038,0
CUST01450,0.041901752,0
CUST01451,0.0037295935,0
CUST01452,0.08455694,0
CUST01453,0.005070565,0
CUST01454,0.011493669,0
CUST01455,0.026336951,0
CUST01456,0.96752334,1
CUST01457,0.078972355,0
CUST01458,0.0026594603,0
CUST01459,0.0057581738,0
CUST01460,0.019731613,0
CUST01461,0.1349799,0
CUST01462,0.0032961816,0
CUST01463,0.035154186,0
CUST01464,0.03451048,0
CUST01465,0.043280363,0
CUST01466,0.8785373,1
CUST01467,0.033815842,0
CUST01468,0.012356794,0
CUST01469,0.002654607,0
CUST01470,0.015541027,0
CUST01471,0.004537988,0
CUST01472,0.005456945,0
CUST01473,0.9399521,1
CUST01474,0.026336877,0
CUST01475,0.012515662,0
CUST01476,0.002961767,0
CUST01477,0.004254785,0
CUST01478,0.04115971,0
CUST01479,0.846601,1
CUST01480,0.023374641,0
CUST01481,0.011933,0
CUST01482,0.0047032023,0
CUST01483,0.9727711,1
CUST01484,0.015866173,0
CUST01485,0.020793963,0
CUST01486,0.01183297,0
CUST01487,0.007840024,0
CUST01488,0.023867559,0
CUST01489,0.61290836,1
CUST01490,0.008276762,0
CUST01491,0.0034253886,0
CUST01492,0.0788782,0
CUST01493,0.028159622,0
CUST01494,0.032975,0
CUST01495,0.026141351,0
CUST01496,0.050143264,0
CUST01497,0.008648633,0
CUST01498,0.06893056,0
CUST01499,0.003511228,0
CUST01500,0.50308365,1
CUST01501,0.0029254018,0
CUST01502,0.95311844,1
CUST01503,0.0055582495,0
CUST01504,0.012179897,0
CUST01505,0.0031669561,0
CUST01506,0.006215847,0
CUST01507,0.012953585,0
CUST01508,0.03474315,0
CUST01509,0.0035584723,0
CUST01510,0.0027779352,0
CUST01511,0.025598746,0
CUST01512,0.10638021,0
CUST01513,0.0433052,0
CUST01514,0.017911809,0
CUST01515,0.015720597,0
CUST01516,0.011189943,0
CUST01517,0.010656708,0
CUST01518,0.043499947,0
CUST01519,0.09320877,0
CUST01520,0.008053763,0
CUST01521,0.008717761,0
CUST01522,0.08403839,0
CUST01523,0.11494604,0
CUST01524,0.01044143,0
CUST01525,0.015547107,0
CUST01526,0.0044632284,0
CUST01527,0.012221606,0
CUST01528,0.021328006,0
CUST01529,0.006736596,0
CUST01530,0.0035038083,0
CUST01531,0.026029654,0
CUST01532,0.070659086,0
CUST01533,0.85242,1
CUST01534,0.055699244,0
CUST01535,0.1501645,0
CUST01536,0.7896695,1
CUST01537,0.003657222,0
CUST01538,0.02018084,0
CUST01539,0.0014338687,0
CUST01540,0.038176652,0
CUST01541,0.013157373,0
CUST01542,0.008612937,0
CUST01543,0.045822214,0
CUST01544,0.015938003,0
CUST01545,0.045882415,0
CUST01546,0.008092911,0
CUST01547,0.014548541,0
CUST01548,0.08595607,0
CUST01549,0.122485705,0
CUST01550,0.010038887,0
CUST01551,0.0065526143,0
CUST01552,0.008304356,0
CUST01553,0.13847053,0
CUST01554,0.019362964,0
CUST01555,0.017317979,0
CUST01556,0.13226104,0
CUST01557,0.06730772,0
CUST01558,0.003989545,0
CUST01559,0.09001256,0
CUST01560,0.04387153,0
CUST01561,0.8511152,1
CUST01562,0.02183075,0
CUST01563,0.021711588,0
CUST01564,0.041027214,0
CUST01565,0.8597754,1
CUST01566,0.008410798,0
CUST01567,0.91217804,1
CUST01568,0.0066237114,0
CUST01569,0.024445651,0
CUST01570,0.008145474,0
CUST01571,0.008771447,0
CUST01572,0.011625046,0
CUST01573,0.010987673,0
CUST01574,0.021655943,0
CUST01575,0.040569875,0
CUST01576,0.036670055,0
CUST01577,0.4334155,0
CUST01578,0.07234908,0
CUST01579,0.038268227,0
CUST01580,0.073929824,0
CUST01581,0.003987749,0
CUST01582,0.07941632,0
CUST01583,0.024493648,0
CUST01584,0.0050593885,0
CUST01585,0.003726319,0
CUST01586,0.07668819,0
CUST01587,0.036887772,0
CUST01588,0.87299365,1
CUST01589,0.83624953,1
CUST01590,0.0025157868,0
CUST01591,0.027949354,0
CUST01592,0.06872258,0
CUST01593,0.0011430744,0
CUST01594,0.008099494,0
CUST01595,0.019177197,0
CUST01596,0.015833007,0
CUST01597,0.08622705,0
CUST01598,0.064841144,0
CUST01599,0.059824415,0
CUST01600,0.0024826014,0
CUST01601,0.0047213035,0
CUST01602,0.034540813,0
CUST01603,0.083191454,0
CUST01604,0.020539492,0
CUST01605,0.053842273,0
CUST01606,0.047756664,0
CUST01607,0.008284861,0
CUST01608,0.011473642,0
CUST01609,0.019093078,0
CUST01610,0.017506506,0
CUST01611,0.034549467,0
CUST01612,0.3809057,0
CUST01613,0.07180681,0
CUST01614,0.003976158,0
CUST01615,0.03649254,0
CUST01616,0.006943591,0
CUST01617,0.071837656,0
CUST01618,0.5029781,1
CUST01619,0.14495298,0
CUST01620,0.004919391,0
CUST01621,0.9248268,1
CUST01622,0.023881383,0
CUST01623,0.31691232,0
CUST01624,0.043675803,0
CUST01625,0.8903743,1
CUST01626,0.0348552,0
CUST01627,0.9346262,1
CUST01628,0.015247612,0
CUST01629,0.004031641,0
CUST01630,0.062992014,0
CUST01631,0.014699137,0
CUST01632,0.9287222,1
CUST01633,0.007275062,0
CUST01634,0.0037753952,0
CUST01635,0.00285505,0
CUST01636,0.057079278,0
CUST01637,0.96534103,1
CUST01638,0.0077349194,0
CUST01639,0.039797682,0
CUST01640,0.008429562,0
CUST01641,0.6200566,1
CUST01642,0.0068957475,0
CUST01643,0.008708342,0
CUST01644,0.005584102,0
CUST01645,0.037150156,0
CUST01646,0.027031723,0
CUST01647,0.020267446,0
CUST01648,0.28598502,0
CUST01649,0.010572145,0
CUST01650,0.028173171,0
CUST01651,0.8979047,1
CUST01652,0.049560927,0
CUST01653,0.0073153684,0
CUST01654,0.8918165,1
CUST01655,0.0088374335,0
CUST01656,0.01496041,0
CUST01657,0.17973277,0
CUST01658,0.008096096,0
CUST01659,0.0057853707,0
CUST01660,0.014169782,0
CUST01661,0.9709953,1
CUST01662,0.043447837,0
CUST01663,0.9386652,1
CUST01664,0.056810375,0
CUST01665,0.92697877,1
CUST01666,0.061118636,0
CUST01667,0.5629458,1
CUST01668,0.0045663826,0
CUST01669,0.0037558952,0
CUST01670,0.9261867,1
CUST01671,0.0052421996,0
CUST01672,0.08189388,0
CUST01673,0.0073684547,0
CUST01674,0.06661279,0
CUST01675,0.0073488243,0
CUST01676,0.023796821,0
CUST01677,0.009313106,0
CUST01678,0.0060284315,0
CUST01679,0.07752359,0
CUST01680,0.02690412,0
CUST01681,0.03064847,0
CUST01682,0.0054502287,0
CUST01683,0.0457542,0
CUST01684,0.00828954,0
CUST01685,0.036094166,0
CUST01686,0.0020751336,0
CUST01687,0.020404149,0
CUST01688,0.03447689,0
CUST01689,0.01632575,0
CUST01690,0.039060164,0
CUST01691,0.04564899,0
CUST01692,0.08327824,0
CUST01693,0.029650694,0
CUST01694,0.08080512,0
CUST01695,0.038539283,0
CUST01696,0.0038513828,0
CUST01697,0.13217764,0
CUST01698,0.0071061417,0
CUST01699,0.045231674,0
CUST01700,0.008524367,0
CUST01701,0.021084221,0
CUST01702,0.03484858,0
CUST01703,0.02178798,0
CUST01704,0.15881266,0
CUST01705,0.0043275245,0
CUST01706,0.0041981474,0
CUST01707,0.9354682,1
CUST01708,0.03446098,0
CUST01709,0.0518011,0
CUST01710,0.003369324,0
CUST01711,0.043356534,0
CUST01712,0.09222366,0
CUST01713,0.019251581,0
CUST01714,0.034215998,0
CUST01715,0.11358859,0
CUST01716,0.96391445,1
CUST01717,0.886233,1
CUST01718,0.008952632,0
CUST01719,0.014640861,0
CUST01720,0.17563498,0
CUST01721,0.05260373,0
CUST01722,0.18133074,0
CUST01723,0.8380918,1
CUST01724,0.82679814,1
CUST01725,0.0021003636,0
CUST01726,0.04286935,0
CUST01727,0.06338511,0
CUST01728,0.007569536,0
CUST01729,0.030904224,0
CUST01730,0.07794096,0
CUST01731,0.006669411,0
CUST01732,0.0057956204,0
CUST01733,0.0030577732,0
CUST01734,0.036256637,0
CUST01735,0.89174217,1
CUST01736,0.016262442,0
CUST01737,0.03494357,0
CUST01738,0.0027723468,0
CUST01739,0.14586361,0
CUST01740,0.13806091,0
CUST01741,0.8338595,1
CUST01742,0.09517844,0
CUST01743,0.7002967,1
CUST01744,0.026570953,0
CUST01745,0.046978336,0
CUST01746,0.024032066,0
CUST01747,0.0260203,0
CUST01748,0.08544131,0
CUST01749,0.019583736,0
CUST01750,0.028415034,0
CUST01751,0.009904243,0
CUST01752,0.005308344,0
CUST01753,0.0033918717,0
CUST01754,0.021385567,0
CUST01755,0.022677578,0
CUST01756,0.017594948,0
CUST01757,0.023722695,0
CUST01758,0.0074582812,0
CUST01759,0.20082565,0
CUST01760,0.06112735,0
CUST01761,0.028242376,0
CUST01762,0.001980728,0
CUST01763,0.6852436,1
CUST01764,0.107220285,0
CUST01765,0.03332395,0
CUST01766,0.9193531,1
CUST01767,0.0013980244,0
CUST01768,0.07235723,0
CUST01769,0.018085632,0
CUST01770,0.012971595,0
CUST01771,0.049840517,0
CUST01772,0.010323299,0
CUST01773,0.012134479,0
CUST01774,0.008288706,0
CUST01775,0.04585775,0
CUST01776,0.013620636,0
CUST01777,0.6357715,1
CUST01778,0.018982533,0
CUST01779,0.00897401,0
CUST01780,0.0050896504,0
CUST01781,0.026433703,0
CUST01782,0.38906324,0
CUST01783,0.052834325,0
CUST01784,0.029829215,0
CUST01785,0.012997696,0
CUST01786,0.0246549,0
CUST01787,0.6229694,1
CUST01788,0.019019984,0
CUST01789,0.015943613,0
CUST01790,0.040592767,0
CUST01791,0.007931595,0
CUST01792,0.010972853,0
CUST01793,0.040038772,0
CUST01794,0.003918604,0
CUST01795,0.012445896,0
CUST01796,0.0491431,0
CUST01797,0.0101546785,0
CUST01798,0.06368041,0
CUST01799,0.8612095,1
CUST01800,0.013894923,0
CUST01801,0.01163232,0
CUST01802,0.0041455,0
CUST01803,0.11887374,0
CUST01804,0.8572812,1
CUST01805,0.00350139,0
CUST01806,0.021295642,0
CUST01807,0.011354405,0
CUST01808,0.0067503294,0
CUST01809,0.0018622067,0
CUST01810,0.94351405,1
CUST01811,0.8558768,1
CUST01812,0.0067242915,0
CUST01813,0.7843863,1
CUST01814,0.11356949,0
CUST01815,0.95227265,1
CUST01816,0.08122761,0
CUST01817,0.054887578,0
CUST01818,0.03711138,0
CUST01819,0.90623456,1
CUST01820,0.008098727,0
CUST01821,0.001353323,0
CUST01822,0.047776934,0
CUST01823,0.013121913,0
CUST01824,0.013162452,0
CUST01825,0.013369199,0
CUST01826,0.7868318,1
CUST01827,0.029467847,0
CUST01828,0.010485271,0
CUST01829,0.011854751,0
CUST01830,0.0024168934,0
CUST01831,0.008231137,0
CUST01832,0.009295308,0
CUST01833,0.01721252,0
CUST01834,0.07591461,0
CUST01835,0.02398934,0
CUST01836,0.020358523,0
CUST01837,0.008253249,0
CUST01838,0.006691802,0
CUST01839,0.009142326,0
CUST01840,0.8197944,1
CUST01841,0.009224628,0
CUST01842,0.007867024,0
CUST01843,0.026221503,0
CUST01844,0.0027895109,0
CUST01845,0.019228453,0
CUST01846,0.010577358,0
CUST01847,0.010983425,0
CUST01848,0.093504846,0
CUST01849,0.032058213,0
CUST01850,0.95772916,1
CUST01851,0.007453444,0
CUST01852,0.03604986,0
CUST01853,0.024110595,0
CUST01854,0.14988317,0
CUST01855,0.022726286,0
CUST01856,0.0020764333,0
CUST01857,0.002752145,0
CUST01858,0.045948878,0
CUST01859,0.046647564,0
CUST01860,0.0037500015,0
CUST01861,0.012253089,0
CUST01862,0.74454534,1
CUST01863,0.07771578,0
CUST01864,0.0056291944,0
CUST01865,0.10609235,0
CUST01866,0.0172126,0
CUST01867,0.003884373,0
CUST01868,0.035533987,0
CUST01869,0.08951747,0
CUST01870,0.008715593,0
CUST01871,0.049700804,0
CUST01872,0.8821295,1
CUST01873,0.003681315,0
CUST01874,0.13184659,0
CUST01875,0.07988382,0
CUST01876,0.013445069,0
CUST01877,0.0040354338,0
CUST01878,0.05201532,0
CUST01879,0.019202672,0
CUST01880,0.939384,1
CUST01881,0.05830153,0
CUST01882,0.042517815,0
CUST01883,0.879793,1
CUST01884,0.042762376,0
CUST01885,0.9555158,1
CUST01886,0.010996983,0
CUST01887,0.028304702,0
CUST01888,0.14887747,0
CUST01889,0.0032265058,0
CUST01890,0.0014614447,0
CUST01891,0.032909982,0
CUST01892,0.08869316,0
CUST01893,0.042623658,0
CUST01894,0.013838051,0
CUST01895,0.005792132,0
CUST01896,0.0022598074,0
CUST01897,0.030105293,0
CUST01898,0.01584949,0
CUST01899,0.00777828,0
CUST01900,0.07948351,0
CUST01901,0.9518692,1
CUST01902,0.9172801,1
CUST01903,0.016318414,0
CUST01904,0.031306285,0
CUST01905,0.0010326495,0
CUST01906,0.0007298267,0
CUST01907,0.055824485,0
CUST01908,0.08370127,0
CUST01909,0.022334414,0
CUST01910,0.005513772,0
CUST01911,0.8629817,1
CUST01912,0.039596766,0
CUST01913,0.86642313,1
CUST01914,0.818,1
CUST01915,0.028030476,0
CUST01916,0.0028508839,0
CUST01917,0.022717185,0
CUST01918,0.0019507544,0
CUST01919,0.9428397,1
CUST01920,0.061970145,0
CUST01921,0.039886847,0
CUST01922,0.008622426,0
CUST01923,0.102889165,0
CUST01924,0.047365516,0
CUST01925,0.041173976,0
CUST01926,0.006435425,0
CUST01927,0.02009869,0
CUST01928,0.004972769,0
CUST01929,0.9639208,1
CUST01930,0.029087607,0
CUST01931,0.01283558,0
CUST01932,0.06544151,0
CUST01933,0.0076695504,0
CUST01934,0.04475988,0
CUST01935,0.022259472,0
CUST01936,0.022583652,0
CUST01937,0.0075990087,0
CUST01938,0.020221079,0
CUST01939,0.008215574,0
CUST01940,0.07168938,0
CUST01941,0.023868479,0
CUST01942,0.011587309,0
CUST01943,0.0042758975,0
CUST01944,0.0051195715,0
CUST01945,0.007912627,0
CUST01946,0.124890454,0
CUST01947,0.027793327,0
CUST01948,0.11681913,0
CUST01949,0.105035454,0
CUST01950,0.07908247,0
CUST01951,0.022525752,0
CUST01952,0.049771983,0
CUST01953,0.18309043,0
CUST01954,0.011547831,0
CUST01955,0.035042387,0
CUST01956,0.14389877,0
CUST01957,0.025243632,0
CUST01958,0.03091651,0
CUST01959,0.017032068,0
CUST01960,0.008187631,0
CUST01961,0.002624129,0
CUST01962,0.0142661,0
CUST01963,0.015122608,0
CUST01964,0.005148894,0
CUST01965,0.06655202,0
CUST01966,0.9439329,1
CUST01967,0.013211497,0
CUST01968,0.04691897,0
CUST01969,0.43503484,0
CUST01970,0.21321413,0
CUST01971,0.015617874,0
CUST01972,0.024108782,0
CUST01973,0.16016097,0
CUST01974,0.033340044,0
CUST01975,0.0023832892,0
CUST01976,0.02747627,0
CUST01977,0.06649675,0
CUST01978,0.007105341,0
CUST01979,0.022941317,0
CUST01980,0.0050223484,0
CUST01981,0.003276179,0
CUST01982,0.012255836,0
CUST01983,0.6864221,1
CUST01984,0.0037135882,0
CUST01985,0.008883895,0
CUST01986,0.03015039,0
CUST01987,0.049581338,0
CUST01988,0.013408012,0
CUST01989,0.0051363986,0
CUST01990,0.13482128,0
CUST01991,0.0117374305,0
CUST01992,0.0063334396,0
CUST01993,0.0056579793,0
CUST01994,0.05869454,0
CUST01995,0.0024768538,0
CUST01996,0.69624203,1
CUST01997,0.8553002,1
CUST01998,0.977657,1
CUST01999,0.12907855,0
CUST02000,0.06513743,0
CUST02001,0.015655233,0
CUST02002,0.7495369,1
CUST02003,0.03864975,0
CUST02004,0.022316087,0
CUST02005,0.08362483,0
CUST02006,0.010021998,0
CUST02007,0.011747163,0
CUST02008,0.05377989,0
CUST02009,0.03994002,0
CUST02010,0.03611102,0
CUST02011,0.040263668,0
CUST02012,0.12544826,0
CUST02013,0.0077214893,0
CUST02014,0.9125891,1
CUST02015,0.0024534762,0
CUST02016,0.004175039,0
CUST02017,0.068615615,0
CUST02018,0.046973646,0
CUST02019,0.0038452114,0
CUST02020,0.055807635,0
CUST02021,0.013665503,0
CUST02022,0.016580585,0
CUST02023,0.005133819,0
CUST02024,0.02534552,0
CUST02025,0.062259175,0
CUST02026,0.0055457316,0
CUST02027,0.08381,0
CUST02028,0.0151341325,0
CUST02029,0.019969882,0
CUST02030,0.0118716275,0
CUST02031,0.013210626,0
CUST02032,0.06443288,0
CUST02033,0.8467602,1
CUST02034,0.116424955,0
CUST02035,0.011268682,0
CUST02036,0.18099746,0
CUST02037,0.00869395,0
CUST02038,0.004290542,0
CUST02039,0.0048431363,0
CUST02040,0.022091856,0
CUST02041,0.0924036,0
CUST02042,0.026347198,0
CUST02043,0.03707792,0
CUST02044,0.08878308,0
CUST02045,0.0028372623,0
CUST02046,0.033232186,0
CUST02047,0.0022132294,0
CUST02048,0.9730564,1
CUST02049,0.05298913,0
CUST02050,0.060946714,0
CUST02051,0.036259085,0
CUST02052,0.017622376,0
CUST02053,0.014093941,0
CUST02054,0.07204345,0
CUST02055,0.022689333,0
CUST02056,0.030649198,0
CUST02057,0.017763892,0
CUST02058,0.020058034,0
CUST02059,0.04395318,0
CUST02060,0.04698729,0
CUST02061,0.007959321,0
CUST02062,0.034823034,0
CUST02063,0.07260594,0
CUST02064,0.0049065463,0
CUST02065,0.0716716,0
CUST02066,0.005820274,0
CUST02067,0.015229029,0
CUST02068,0.009606793,0
CUST02069,0.10435008,0
CUST02070,0.013615987,0
CUST02071,0.22949797,0
CUST02072,0.04228133,0
CUST02073,0.009837327,0
CUST02074,0.011817464,0
CUST02075,0.0261479,0
CUST02076,0.009365707,0
CUST02077,0.013576919,0
CUST02078,0.021123677,0
CUST02079,0.011541552,0
CUST02080,0.0031176896,0
CUST02081,0.0038830268,0
CUST02082,0.00667296,0
CUST02083,0.10470335,0
CUST02084,0.00991483,0
CUST02085,0.00838647,0
CUST02086,0.07237057,0
CUST02087,0.027245006,0
CUST02088,0.00700994,0
CUST02089,0.037175458,0
CUST02090,0.033920784,0
CUST02091,0.6802379,1
CUST02092,0.016646428,0
CUST02093,0.007830367,0
CUST02094,0.009667673,0
CUST02095,0.9206015,1
CUST02096,0.028309751,0
CUST02097,0.008246894,0
CUST02098,0.0020727946,0
CUST02099,0.026637986,0
CUST02100,0.019659558,0
CUST02101,0.035719335,0
CUST02102,0.9046358,1
CUST02103,0.040751915,0
CUST02104,0.033306412,0
CUST02105,0.038337123,0
CUST02106,0.026088731,0
CUST02107,0.06486455,0
CUST02108,0.059533294,0
CUST02109,0.017864367,0
CUST02110,0.84026295,1
CUST02111,0.0049018622,0
CUST02112,0.09696297,0
CUST02113,0.009711571,0
CUST02114,0.056004677,0
CUST02115,0.12345414,0
CUST02116,0.06473758,0
CUST02117,0.0073811263,0
CUST02118,0.03262388,0
CUST02119,0.93538684,1
CUST02120,0.018701332,0
CUST02121,0.06288014,0
CUST02122,0.064559124,0
CUST02123,0.0013712529,0
CUST02124,0.056936044,0
CUST02125,0.0144984415,0
CUST02126,0.9206925,1
CUST02127,0.021672089,0
CUST02128,0.054377526,0
CUST02129,0.0383782,0
CUST02130,0.11243796,0
CUST02131,0.038928498,0
CUST02132,0.027446892,0
CUST02133,0.008579022,0
CUST02134,0.0024384812,0
CUST02135,0.015798664,0
CUST02136,0.0767398,0
CUST02137,0.042904142,0
CUST02138,0.20491606,0
CUST02139,0.9290719,1
CUST02140,0.0026846346,0
CUST02141,0.009741747,0
CUST02142,0.033993356,0
CUST02143,0.009611971,0
CUST02144,0.02113945,0
CUST02145,0.040348653,0
CUST02146,0.008922563,0
CUST02147,0.0042563183,0
CUST02148,0.029686816,0
CUST02149,0.51505727,1
CUST02150,0.0038116667,0
CUST02151,0.06359926,0
CUST02152,0.0077271974,0
CUST02153,0.016918054,0
CUST02154,0.016755195,0
CUST02155,0.018675981,0
CUST02156,0.003674572,0
CUST02157,0.04384384,0
CUST02158,0.08521846,0
CUST02159,0.0065805255,0
CUST02160,0.09126646,0
CUST02161,0.49274552,0
CUST02162,0.017578257,0
CUST02163,0.02442685,0
CUST02164,0.016501969,0
CUST02165,0.14371385,0
CUST02166,0.033549253,0
CUST02167,0.9565737,1
CUST02168,0.073483616,0
CUST02169,0.023004757,0
CUST02170,0.009605319,0
CUST02171,0.88194525,1
CUST02172,0.0072358972,0
CUST02173,0.018693302,0
CUST02174,0.030094761,0
CUST02175,0.022901323,0
CUST02176,0.0052834414,0
CUST02177,0.7330759,1
CUST02178,0.028625965,0
CUST02179,0.0018441763,0
CUST02180,0.010856792,0
CUST02181,0.040238936,0
CUST02182,0.013167828,0
CUST02183,0.7838925,1
CUST02184,0.03090069,0
CUST02185,0.043556925,0
CUST02186,0.0030920592,0
CUST02187,0.030294038,0
CUST02188,0.19123596,0
CUST02189,0.19765025,0
CUST02190,0.12237562,0
CUST02191,0.026526054,0
CUST02192,0.03651405,0
CUST02193,0.0101495795,0
CUST02194,0.03190753,0
CUST02195,0.017736971,0
CUST02196,0.009022505,0
CUST02197,0.60320896,1
CUST02198,0.012247411,0
CUST02199,0.022572199,0
CUST02200,0.040507495,0
CUST02201,0.01721235,0
CUST02202,0.09039384,0
CUST02203,0.01859502,0
CUST02204,0.09760507,0
CUST02205,0.0074542486,0
CUST02206,0.051451,0
CUST02207,0.035995696,0
CUST02208,0.033580244,0
CUST02209,0.008029256,0
CUST02210,0.10857927,0
CUST02211,0.009764833,0
CUST02212,0.1667955,0
CUST02213,0.012152413,0
CUST02214,0.95700663,1
CUST02215,0.8089103,1
CUST02216,0.0068658846,0
CUST02217,0.06241842,0
CUST02218,0.006041191,0
CUST02219,0.0083179455,0
CUST02220,0.06556701,0
CUST02221,0.07881314,0
CUST02222,0.0049560755,0
CUST02223,0.18057404,0
CUST02224,0.015760332,0
CUST02225,0.043543298,0
CUST02226,0.01509084,0
CUST02227,0.0033612635,0
CUST02228,0.050306614,0
CUST02229,0.05758967,0
CUST02230,0.87330645,1
CUST02231,0.008498493,0
CUST02232,0.027083365,0
CUST02233,0.026252221,0
CUST02234,0.0035466028,0
CUST02235,0.06189374,0
CUST02236,0.10763602,0
CUST02237,0.24923138,0
CUST02238,0.024895065,0
CUST02239,0.03092579,0
CUST02240,0.016267156,0
CUST02241,0.0039220597,0
CUST02242,0.0035425252,0
CUST02243,0.012244187,0
CUST02244,0.11888323,0
CUST02245,0.013899745,0
CUST02246,0.009727332,0
CUST02247,0.02538655,0
CUST02248,0.8717887,1
CUST02249,0.9046709,1
CUST02250,0.067065224,0
CUST02251,0.01644276,0
CUST02252,0.91097206,1
CUST02253,0.031672396,0
CUST02254,0.012558566,0
CUST02255,0.034784924,0
CUST02256,0.9240445,1
CUST02257,0.08030359,0
CUST02258,0.9040069,1
CUST02259,0.06514306,0
CUST02260,0.002560854,0
CUST02261,0.0059074024,0
CUST02262,0.9275429,1
CUST02263,0.93024915,1
CUST02264,0.0035192205,0
CUST02265,0.8746622,1
CUST02266,0.0786392,0
CUST02267,0.002174095,0
CUST02268,0.09855657,0
CUST02269,0.008647697,0
CUST02270,0.980276,1
CUST02271,0.0040798197,0
CUST02272,0.09231884,0
CUST02273,0.0036112422,0
CUST02274,0.0036546702,0
CUST02275,0.024569087,0
CUST02276,0.012920509,0
CUST02277,0.06135205,0
CUST02278,0.0026891988,0
CUST02279,0.00639302,0
CUST02280,0.0031175388,0
CUST02281,0.034642406,0
CUST02282,0.9399806,1
CUST02283,0.016685572,0
CUST02284,0.07211691,0
CUST02285,0.00313939,0
CUST02286,0.025522366,0
CUST02287,0.0036169104,0
CUST02288,0.86180305,1
CUST02289,0.026454056,0
CUST02290,0.010765127,0
CUST02291,0.0104682315,0
CUST02292,0.014492965,0
CUST02293,0.018648896,0
CUST02294,0.7097776,1
CUST02295,0.019061374,0
CUST02296,0.8453502,1
CUST02297,0.007813596,0
CUST02298,0.083344206,0
CUST02299,0.0087873945,0
CUST02300,0.030780977,0
CUST02301,0.0040634302,0
CUST02302,0.002834506,0
CUST02303,0.005403939,0
CUST02304,0.005453719,0
CUST02305,0.010755052,0
CUST02306,0.0039318255,0
CUST02307,0.050221745,0
CUST02308,0.036733147,0
CUST02309,0.052833453,0
CUST02310,0.021813575,0
CUST02311,0.018605856,0
CUST02312,0.016813347,0
CUST02313,0.10668873,0
CUST02314,0.1284224,0
CUST02315,0.0019275877,0
CUST02316,0.011466586,0
CUST02317,0.021586547,0
CUST02318,0.004631239,0
CUST02319,0.026195036,0
CUST02320,0.06423287,0
CUST02321,0.02648456,0
CUST02322,0.009031006,0
CUST02323,0.07142766,0
CUST02324,0.018956928,0
CUST02325,0.02092553,0
CUST02326,0.04405228,0
CUST02327,0.028318942,0
CUST02328,0.009209027,0
CUST02329,0.763221,1
CUST02330,0.0037675789,0
CUST02331,0.7430267,1
CUST02332,0.010708882,0
CUST02333,0.20419368,0
CUST02334,0.01602371,0
CUST02335,0.06480951,0
CUST02336,0.01916618,0
CUST02337,0.7136453,1
CUST02338,0.0031039035,0
CUST02339,0.004711531,0
CUST02340,0.3523275,0
CUST02341,0.008901152,0
CUST02342,0.060125943,0
CUST02343,0.008223461,0
CUST02344,0.037539918,0
CUST02345,0.009950826,0
CUST02346,0.02365468,0
CUST02347,0.027894514,0
CUST02348,0.14630367,0
CUST02349,0.018225942,0
CUST02350,0.0033345653,0
CUST02351,0.031580754,0
CUST02352,0.0034231495,0
CUST02353,0.013131735,0
CUST02354,0.03976,0
CUST02355,0.12728599,0
CUST02356,0.036642574,0
CUST02357,0.017089786,0
CUST02358,0.81025344,1
CUST02359,0.004178794,0
CUST02360,0.007548645,0
CUST02361,0.78657484,1
CUST02362,0.0023713186,0
CUST02363,0.030212637,0
CUST02364,0.0963106,0
CUST02365,0.01715625,0
CUST02366,0.092755064,0
CUST02367,0.011337872,0
CUST02368,0.09935209,0
CUST02369,0.16177621,0
CUST02370,0.032789372,0
CUST02371,0.05534512,0
CUST02372,0.016371304,0
CUST02373,0.013368381,0
CUST02374,0.021257618,0
CUST02375,0.9284995,1
CUST02376,0.718982,1
CUST02377,0.19390145,0
CUST02378,0.8547227,1
CUST02379,0.0144412955,0
CUST02380,0.863807,1
CUST02381,0.085057326,0
CUST02382,0.06439377,0
CUST02383,0.0020636604,0
CUST02384,0.86623156,1
CUST02385,0.018497972,0
CUST02386,0.017509483,0
CUST02387,0.027203867,0
CUST02388,0.011482936,0
CUST02389,0.0034462432,0
CUST02390,0.017577946,0
CUST02391,0.046771515,0
CUST02392,0.0083516305,0
CUST02393,0.011882411,0
CUST02394,0.026819495,0
CUST02395,0.09322574,0
CUST02396,0.039559163,0
CUST02397,0.012059238,0
CUST02398,0.026792113,0
CUST02399,0.02240296,0
CUST02400,0.04234169,0
CUST02401,0.0031616916,0
CUST02402,0.8803844,1
CUST02403,0.098939635,0
CUST02404,0.04151643,0
CUST02405,0.008874131,0
CUST02406,0.038595278,0
CUST02407,0.005670424,0
CUST02408,0.0783469,0
CUST02409,0.0049188402,0
CUST02410,0.8915896,1
CUST02411,0.053565446,0
CUST02412,0.016647357,0
CUST02413,0.008206635,0
CUST02414,0.0049247537,0
CUST02415,0.04728333,0
CUST02416,0.93550825,1
CUST02417,0.007750185,0
CUST02418,0.51851743,1
CUST02419,0.07035146,0
CUST02420,0.058605004,0
CUST02421,0.097396776,0
CUST02422,0.013863269,0
CUST02423,0.0030344736,0
CUST02424,0.0062671434,0
CUST02425,0.037520085,0
CUST02426,0.005814587,0
CUST02427,0.004588263,0
CUST02428,0.21933249,0
CUST02429,0.005455152,0
CUST02430,0.012448697,0
CUST02431,0.013622547,0
CUST02432,0.0074217976,0
CUST02433,0.011769105,0
CUST02434,0.0014551025,0
CUST02435,0.089570604,0
CUST02436,0.0027560492,0
CUST02437,0.005154459,0
CUST02438,0.017620197,0
CUST02439,0.099812746,0
CUST02440,0.04333807,0
CUST02441,0.01591571,0
CUST02442,0.11325608,0
CUST02443,0.010905634,0
CUST02444,0.9264037,1
CUST02445,0.90931505,1
CUST02446,0.0015821883,0
CUST02447,0.0018038687,0
CUST02448,0.023325462,0
CUST02449,0.0016159106,0
CUST02450,0.035437815,0
CUST02451,0.0060240473,0
CUST02452,0.0027945226,0
CUST02453,0.03718655,0
CUST02454,0.027421718,0
CUST02455,0.038170878,0
CUST02456,0.020386582,0
CUST02457,0.08147305,0
CUST02458,0.0062861242,0
CUST02459,0.0019658145,0
CUST02460,0.003543404,0
CUST02461,0.03326895,0
CUST02462,0.054814428,0
CUST02463,0.020749396,0
CUST02464,0.0021536918,0
CUST02465,0.022598883,0
CUST02466,0.12400775,0
CUST02467,0.6739098,1
CUST02468,0.0077115763,0
CUST02469,0.12810537,0
CUST02470,0.063192785,0
CUST02471,0.017807016,0
CUST02472,0.033722334,0
CUST02473,0.01724867,0
CUST02474,0.2066085,0
CUST02475,0.0651111,0
CUST02476,0.55923486,1
CUST02477,0.00734856,0
CUST02478,0.03201505,0
CUST02479,0.021740168,0
CUST02480,0.010537614,0
CUST02481,0.015908713,0
CUST02482,0.9230868,1
CUST02483,0.011245891,0
CUST02484,0.04113544,0
CUST02485,0.010113293,0
CUST02486,0.0902595,0
CUST02487,0.007822866,0
CUST02488,0.1708335,0
CUST02489,0.0032902777,0
CUST02490,0.09679001,0
CUST02491,0.10837754,0
CUST02492,0.013196052,0
CUST02493,0.035398055,0
CUST02494,0.01634879,0
CUST02495,0.0035995971,0
CUST02496,0.82226825,1
CUST02497,0.016850917,0
CUST02498,0.018609736,0
CUST02499,0.0030700294,0
CUST02500,0.010195918,0
CUST02501,0.13240321,0
CUST02502,0.0056801676,0
CUST02503,0.0033938775,0
CUST02504,0.27108368,0
CUST02505,0.13086401,0
CUST02506,0.006095473,0
CUST02507,0.01584247,0
CUST02508,0.007663909,0
CUST02509,0.04862738,0
CUST02510,0.009600752,0
CUST02511,0.24707007,0
CUST02512,0.0057835905,0
CUST02513,0.016585734,0
CUST02514,0.032521524,0
CUST02515,0.017577484,0
CUST02516,0.46613207,0
CUST02517,0.00931898,0
CUST02518,0.0075255563,0
CUST02519,0.053590488,0
CUST02520,0.032311134,0
CUST02521,0.0414514,0
CUST02522,0.010736438,0
CUST02523,0.0096460935,0
CUST02524,0.049173176,0
CUST02525,0.011523607,0
CUST02526,0.0041362382,0
CUST02527,0.018576799,0
CUST02528,0.008750449,0
CUST02529,0.003438403,0
CUST02530,0.011503556,0
CUST02531,0.040131435,0
CUST02532,0.7977796,1
CUST02533,0.02293373,0
CUST02534,0.0064084893,0
CUST02535,0.0015506432,0
CUST02536,0.7866015,1
CUST02537,0.014533134,0
CUST02538,0.011351863,0
CUST02539,0.024342429,0
CUST02540,0.038926974,0
CUST02541,0.073029354,0
CUST02542,0.01389374,0
CUST02543,0.68670654,1
CUST02544,0.60237235,1
CUST02545,0.13182478,0
CUST02546,0.094505124,0
CUST02547,0.005659428,0
CUST02548,0.34246632,0
CUST02549,0.012310164,0
CUST02550,0.011989974,0
CUST02551,0.02266116,0
CUST02552,0.15399785,0
CUST02553,0.006972889,0
CUST02554,0.014398757,0
CUST02555,0.91998154,1
CUST02556,0.01554726,0
CUST02557,0.028723722,0
CUST02558,0.011815776,0
CUST02559,0.010053692,0
CUST02560,0.009033981,0
CUST02561,0.013050999,0
CUST02562,0.0023866713,0
CUST02563,0.040444236,0
CUST02564,0.11137564,0
CUST02565,0.08058574,0
CUST02566,0.28008345,0
CUST02567,0.12547462,0
CUST02568,0.11545226,0
CUST02569,0.04750495,0
CUST02570,0.003551682,0
CUST02571,0.039007045,0
CUST02572,0.010892342,0
CUST02573,0.8311155,1
CUST02574,0.050996408,0
CUST02575,0.2878454,0
CUST02576,0.0029897445,0
CUST02577,0.106981255,0
CUST02578,0.90275383,1
CUST02579,0.020550536,0
CUST02580,0.03632432,0
CUST02581,0.028409027,0
CUST02582,0.016395487,0
CUST02583,0.003298468,0
CUST02584,0.016795937,0
CUST02585,0.04137789,0
CUST02586,0.073045544,0
CUST02587,0.004160286,0
CUST02588,0.015310279,0
CUST02589,0.020443369,0
CUST02590,0.01621646,0
CUST02591,0.0017336302,0
CUST02592,0.94532704,1
CUST02593,0.017471438,0
CUST02594,0.0050517423,0
CUST02595,0.18811472,0
CUST02596,0.96192485,1
CUST02597,0.016195713,0
CUST02598,0.060081046,0
CUST02599,0.0056740977,0
CUST02600,0.009246164,0
CUST02601,0.026966529,0
CUST02602,0.007797145,0
CUST02603,0.0026643367,0
CUST02604,0.9296679,1
CUST02605,0.007949598,0
CUST02606,0.7878194,1
CUST02607,0.023462756,0
CUST02608,0.018738532,0
CUST02609,0.082969226,0
CUST02610,0.032061145,0
CUST02611,0.6074953,1
CUST02612,0.009687173,0
CUST02613,0.027127948,0
CUST02614,0.013297598,0
CUST02615,0.014564117,0
CUST02616,0.22297916,0
CUST02617,0.029143384,0
CUST02618,0.114682354,0
CUST02619,0.023802748,0
CUST02620,0.0666428,0
CUST02621,0.8814985,1
CUST02622,0.05142468,0
CUST02623,0.01006165,0
CUST02624,0.050326094,0
CUST02625,0.027218688,0
CUST02626,0.14117828,0
CUST02627,0.013757284,0
CUST02628,0.073356085,0
CUST02629,0.0023118693,0
CUST02630,0.037030697,0
CUST02631,0.1270474,0
CUST02632,0.01741282,0
CUST02633,0.056888826,0
CUST02634,0.0474781,0
CUST02635,0.007789125,0
CUST02636,0.076680206,0
CUST02637,0.0058087604,0
CUST02638,0.008971334,0
CUST02639,0.035296865,0
CUST02640,0.4820089,0
CUST02641,0.010469492,0
CUST02642,0.024543572,0
CUST02643,0.018187793,0
CUST02644,0.8737261,1
CUST02645,0.06530752,0
CUST02646,0.0059993435,0
CUST02647,0.0043747784,0
CUST02648,0.007628842,0
CUST02649,0.004783108,0
CUST02650,0.013056054,0
CUST02651,0.047965657,0
CUST02652,0.10419924,0
CUST02653,0.001971192,0
CUST02654,0.007304095,0
CUST02655,0.013923778,0
CUST02656,0.008785746,0
CUST02657,0.007102008,0
CUST02658,0.008587341,0
CUST02659,0.007128746,0
CUST02660,0.92578334,1
CUST02661,0.025879161,0
CUST02662,0.004508825,0
CUST02663,0.30701527,0
CUST02664,0.022178225,0
CUST02665,0.018071836,0
CUST02666,0.00547251,0
CUST02667,0.18046793,0
CUST02668,0.0029335553,0
CUST02669,0.005081618,0
CUST02670,0.020951487,0
CUST02671,0.00989008,0
CUST02672,0.108627476,0
CUST02673,0.95513755,1
CUST02674,0.07954599,0
CUST02675,0.014104779,0
CUST02676,0.04196535,0
CUST02677,0.95157784,1
CUST02678,0.91343826,1
CUST02679,0.033369962,0
CUST02680,0.08432138,0
CUST02681,0.049671203,0
CUST02682,0.0014230588,0
CUST02683,0.1640841,0
CUST02684,0.014027929,0
CUST02685,0.028122371,0
CUST02686,0.8444673,1
CUST02687,0.0063478723,0
CUST02688,0.020094197,0
CUST02689,0.004091474,0
CUST02690,0.01922911,0
CUST02691,0.05139813,0
CUST02692,0.020179236,0
CUST02693,0.07145301,0
CUST02694,0.011318742,0
CUST02695,0.07655126,0
CUST02696,0.06594148,0
CUST02697,0.16660054,0
CUST02698,0.026192853,0
CUST02699,0.9086384,1
CUST02700,0.008905216,0
CUST02701,0.025033131,0
CUST02702,0.079697125,0
CUST02703,0.034345925,0
CUST02704,0.050542478,0
CUST02705,0.009693977,0
CUST02706,0.00775309,0
CUST02707,0.02437853,0
CUST02708,0.03094318,0
CUST02709,0.004716372,0
CUST02710,0.05223874,0
CUST02711,0.018487431,0
CUST02712,0.0066503296,0
CUST02713,0.94731504,1
CUST02714,0.013380707,0
CUST02715,0.0015323544,0
CUST02716,0.028742874,0
CUST02717,0.00751711,0
CUST02718,0.9211515,1
CUST02719,0.0152748795,0
CUST02720,0.16627626,0
CUST02721,0.7776681,1
CUST02722,0.17963679,0
CUST02723,0.029038936,0
CUST02724,0.20184945,0
CUST02725,0.8851993,1
CUST02726,0.23218523,0
CUST02727,0.008407976,0
CUST02728,0.038344674,0
CUST02729,0.010308656,0
CUST02730,0.08513443,0
CUST02731,0.09365264,0
CUST02732,0.002622744,0
CUST02733,0.00776857,0
CUST02734,0.013598093,0
CUST02735,0.009517779,0
CUST02736,0.95805055,1
CUST02737,0.018457837,0
CUST02738,0.8626973,1
CUST02739,0.030498166,0
CUST02740,0.7915172,1
CUST02741,0.0044902773,0
CUST02742,0.9534479,1
CUST02743,0.006457601,0
CUST02744,0.09224895,0
CUST02745,0.069383614,0
CUST02746,0.0039586867,0
CUST02747,0.046427324,0
CUST02748,0.64523983,1
CUST02749,0.019937946,0
CUST02750,0.4484582,0
CUST02751,0.2168235,0
CUST02752,0.02937448,0
CUST02753,0.033876285,0
CUST02754,0.028354771,0
CUST02755,0.011889417,0
CUST02756,0.023915201,0
CUST02757,0.01597969,0
CUST02758,0.16529354,0
CUST02759,0.009973715,0
CUST02760,0.025524039,0
CUST02761,0.001326631,0
CUST02762,0.014404856,0
CUST02763,0.015050643,0
CUST02764,0.027501982,0
CUST02765,0.062634,0
CUST02766,0.8668484,1
CUST02767,0.0337425,0
CUST02768,0.0060243155,0
CUST02769,0.021214446,0
CUST02770,0.002329114,0
CUST02771,0.0028003436,0
CUST02772,0.0067837634,0
CUST02773,0.25076368,0
CUST02774,0.041944142,0
CUST02775,0.048575707,0
CUST02776,0.019739015,0
CUST02777,0.009646909,0
CUST02778,0.003303967,0
CUST02779,0.047954686,0
CUST02780,0.004935371,0
CUST02781,0.032309234,0
CUST02782,0.116353124,0
CUST02783,0.08382307,0
CUST02784,0.021174477,0
CUST02785,0.011947306,0
CUST02786,0.0215438,0
CUST02787,0.88494015,1
CUST02788,0.026156195,0
CUST02789,0.01761764,0
CUST02790,0.89191955,1
CUST02791,0.013655691,0
CUST02792,0.12677813,0
CUST02793,0.0453754,0
CUST02794,0.10099213,0
CUST02795,0.08558808,0
CUST02796,0.038506567,0
CUST02797,0.0042643207,0
CUST02798,0.8434298,1
CUST02799,0.12937894,0
CUST02800,0.023212802,0
CUST02801,0.11875027,0
CUST02802,0.0028118375,0
CUST02803,0.8379687,1
CUST02804,0.004742199,0
CUST02805,0.038421463,0
CUST02806,0.041799735,0
CUST02807,0.028994663,0
CUST02808,0.0041006655,0
CUST02809,0.010221295,0
CUST02810,0.29280797,0
CUST02811,0.0019720776,0
CUST02812,0.009819298,0
CUST02813,0.0032053709,0
CUST02814,0.11052125,0
CUST02815,0.0044276277,0
CUST02816,0.025608975,0
CUST02817,0.003795694,0
CUST02818,0.936799,1
CUST02819,0.7561816,1
CUST02820,0.01090021,0
CUST02821,0.020638764,0
CUST02822,0.015790245,0
CUST02823,0.05694834,0
CUST02824,0.0018462412,0
CUST02825,0.9129668,1
CUST02826,0.009190702,0
CUST02827,0.0119206095,0
CUST02828,0.024750898,0
CUST02829,0.23499955,0
CUST02830,0.04416772,0
CUST02831,0.5784949,1
CUST02832,0.033903047,0
CUST02833,0.11625444,0
CUST02834,0.0016720345,0
CUST02835,0.31754333,0
CUST02836,0.18020138,0
CUST02837,0.9054404,1
CUST02838,0.035904244,0
CUST02839,0.02807502,0
CUST02840,0.0962002,0
CUST02841,0.019237624,0
CUST02842,0.0044123814,0
CUST02843,0.012350133,0
CUST02844,0.9230178,1
CUST02845,0.83634764,1
CUST02846,0.005868381,0
CUST02847,0.003933692,0
CUST02848,0.061096627,0
CUST02849,0.013404038,0
CUST02850,0.22247225,0
CUST02851,0.019395791,0
CUST02852,0.02959369,0
CUST02853,0.00708537,0
CUST02854,0.26378536,0
CUST02855,0.036116656,0
CUST02856,0.02711014,0
CUST02857,0.042943392,0
CUST02858,0.017110849,0
CUST02859,0.9034925,1
CUST02860,0.06070845,0
CUST02861,0.10026116,0
CUST02862,0.16683184,0
CUST02863,0.02277316,0
CUST02864,0.74679357,1
CUST02865,0.007925049,0
CUST02866,0.03174428,0
CUST02867,0.002140572,0
CUST02868,0.028429748,0
CUST02869,0.013927509,0
CUST02870,0.09302163,0
CUST02871,0.015984505,0
CUST02872,0.036836885,0
CUST02873,0.7552366,1
CUST02874,0.011244058,0
CUST02875,0.009886121,0
CUST02876,0.028352287,0
CUST02877,0.18847044,0
CUST02878,0.011823773,0
CUST02879,0.008633667,0
CUST02880,0.043724526,0
CUST02881,0.09387343,0
CUST02882,0.026098734,0
CUST02883,0.008751314,0
CUST02884,0.0022543932,0
CUST02885,0.05499633,0
CUST02886,0.01083178,0
CUST02887,0.034936782,0
CUST02888,0.013096368,0
CUST02889,0.0041735903,0
CUST02890,0.0123470165,0
CUST02891,0.010611991,0
CUST02892,0.008165021,0
CUST02893,0.69446534,1
CUST02894,0.026332205,0
CUST02895,0.04451968,0
CUST02896,0.010148809,0
CUST02897,0.07677861,0
CUST02898,0.0032856723,0
CUST02899,0.041578643,0
CUST02900,0.1063793,0
CUST02901,0.023094917,0
CUST02902,0.010876089,0
CUST02903,0.036190014,0
CUST02904,0.9209289,1
CUST02905,0.31342298,0
CUST02906,0.011305532,0
CUST02907,0.0036199186,0
CUST02908,0.018458024,0
CUST02909,0.006065563,0
CUST02910,0.010576076,0
CUST02911,0.009501533,0
CUST02912,0.033727143,0
CUST02913,0.053707115,0
CUST02914,0.05079216,0
CUST02915,0.15244573,0
CUST02916,0.01336911,0
CUST02917,0.012259456,0
CUST02918,0.016808154,0
CUST02919,0.05658022,0
CUST02920,0.011288164,0
CUST02921,0.06055236,0
CUST02922,0.023954397,0
CUST02923,0.005613828,0
CUST02924,0.005393173,0
CUST02925,0.0013285176,0
CUST02926,0.008102429,0
CUST02927,0.011717656,0
CUST02928,0.9311563,1
CUST02929,0.0031841407,0
CUST02930,0.9163571,1
CUST02931,0.005373409,0
CUST02932,0.1386747,0
CUST02933,0.026077515,0
CUST02934,0.015930923,0
CUST02935,0.14436407,0
CUST02936,0.037472896,0
CUST02937,0.013627507,0
CUST02938,0.01969846,0
CUST02939,0.02733623,0
CUST02940,0.011776294,0
CUST02941,0.0038726677,0
CUST02942,0.011322644,0
CUST02943,0.86334395,1
CUST02944,0.70317835,1
CUST02945,0.029770616,0
CUST02946,0.06574726,0
CUST02947,0.10340506,0
CUST02948,0.00928617,0
CUST02949,0.035975125,0
CUST02950,0.18819211,0
CUST02951,0.030668769,0
CUST02952,0.00771328,0
CUST02953,0.007214042,0
CUST02954,0.0014099939,0
CUST02955,0.012245947,0
CUST02956,0.009062203,0
CUST02957,0.009287443,0
CUST02958,0.016963676,0
CUST02959,0.029055148,0
CUST02960,0.9063306,1
CUST02961,0.022392623,0
CUST02962,0.9070197,1
CUST02963,0.0071732444,0
CUST02964,0.016321108,0
CUST02965,0.9407106,1
CUST02966,0.022606185,0
CUST02967,0.042148028,0
CUST02968,0.041056942,0
CUST02969,0.004037048,0
CUST02970,0.7844567,1
CUST02971,0.087677054,0
CUST02972,0.945026,1
CUST02973,0.015011984,0
CUST02974,0.0043101343,0
CUST02975,0.010856245,0
CUST02976,0.054764654,0
CUST02977,0.057637665,0
CUST02978,0.00880929,0
CUST02979,0.9721214,1
CUST02980,0.035762563,0
CUST02981,0.0049113375,0
CUST02982,0.041478828,0
CUST02983,0.0039914325,0
CUST02984,0.02279142,0
CUST02985,0.015516812,0
CUST02986,0.13177782,0
CUST02987,0.020557804,0
CUST02988,0.020398347,0
CUST02989,0.7843784,1
CUST02990,0.010899602,0
CUST02991,0.71033126,1
CUST02992,0.0016028435,0
CUST02993,0.014018165,0
CUST02994,0.013714622,0
CUST02995,0.011605586,0
CUST02996,0.01970399,0
CUST02997,0.013856003,0
CUST02998,0.93893147,1
CUST02999,0.037409496,0
CUST03000,0.024557468,0
CUST03001,0.017388597,0
CUST03002,0.00898056,0
CUST03003,0.007700149,0
CUST03004,0.014883651,0
CUST03005,0.035530783,0
CUST03006,0.0051322384,0
CUST03007,0.0050261864,0
CUST03008,0.025572354,0
CUST03009,0.010128332,0
CUST03010,0.8972931,1
CUST03011,0.0833592,0
CUST03012,0.10906258,0
CUST03013,0.013855724,0
CUST03014,0.02458359,0
CUST03015,0.024710797,0
CUST03016,0.024273748,0
CUST03017,0.90560085,1
CUST03018,0.032913238,0
CUST03019,0.0093453685,0
CUST03020,0.03639581,0
CUST03021,0.050297856,0
CUST03022,0.019350361,0
CUST03023,0.020161798,0
CUST03024,0.010963464,0
CUST03025,0.023512075,0
CUST03026,0.060709614,0
CUST03027,0.020845415,0
CUST03028,0.020423273,0
CUST03029,0.023721512,0
CUST03030,0.04734235,0
CUST03031,0.03440421,0
CUST03032,0.038837243,0
CUST03033,0.02441799,0
CUST03034,0.025321228,0
CUST03035,0.0051793028,0
CUST03036,0.020309716,0
CUST03037,0.019764973,0
CUST03038,0.008741789,0
CUST03039,0.10596556,0
CUST03040,0.15666029,0
CUST03041,0.03535646,0
CUST03042,0.034185503,0
CUST03043,0.016151713,0
CUST03044,0.01812967,0
CUST03045,0.018330818,0
CUST03046,0.009882711,0
CUST03047,0.0076397476,0
CUST03048,0.0056876726,0
CUST03049,0.14579327,0
CUST03050,0.015017054,0
CUST03051,0.003561451,0
CUST03052,0.0128769055,0
CUST03053,0.056725543,0
CUST03054,0.09648546,0
CUST03055,0.04720293,0
CUST03056,0.029227301,0
CUST03057,0.033326354,0
CUST03058,0.022865687,0
CUST03059,0.009793439,0
CUST03060,0.01915802,0
CUST03061,0.9221971,1
CUST03062,0.009866337,0
CUST03063,0.05134688,0
CUST03064,0.020211978,0
CUST03065,0.72064567,1
CUST03066,0.10970722,0
CUST03067,0.010010465,0
CUST03068,0.025521386,0
CUST03069,0.04453666,0
CUST03070,0.015000066,0
CUST03071,0.014618252,0
CUST03072,0.27207232,0
CUST03073,0.021346323,0
CUST03074,0.012344087,0
CUST03075,0.04445477,0
CUST03076,0.0168059,0
CUST03077,0.016794614,0
CUST03078,0.0034767187,0
CUST03079,0.008950783,0
CUST03080,0.70912355,1
CUST03081,0.031960834,0
CUST03082,0.0029124066,0
CUST03083,0.009080656,0
CUST03084,0.9451419,1
CUST03085,0.024314959,0
CUST03086,0.015683563,0
CUST03087,0.008663036,0
CUST03088,0.005617873,0
CUST03089,0.052264303,0
CUST03090,0.0137265865,0
CUST03091,0.020674942,0
CUST03092,0.0075466977,0
CUST03093,0.0019347508,0
CUST03094,0.02062723,0
CUST03095,0.0066932663,0
CUST03096,0.010287728,0
CUST03097,0.042953014,0
CUST03098,0.006640606,0
CUST03099,0.039189007,0
CUST03100,0.8903411,1
CUST03101,0.007887375,0
CUST03102,0.008921079,0
CUST03103,0.8655547,1
CUST03104,0.67060465,1
CUST03105,0.014518773,0
CUST03106,0.0038556603,0
CUST03107,0.005014201,0
CUST03108,0.09065185,0
CUST03109,0.004605205,0
CUST03110,0.048516493,0
CUST03111,0.87344575,1
CUST03112,0.09578678,0
CUST03113,0.031169558,0
CUST03114,0.0046444354,0
CUST03115,0.050715234,0
CUST03116,0.009285964,0
CUST03117,0.009012368,0
CUST03118,0.014187637,0
CUST03119,0.010772421,0
CUST03120,0.015833365,0
CUST03121,0.03291943,0
CUST03122,0.00926684,0
CUST03123,0.7620822,1
CUST03124,0.03874591,0
CUST03125,0.032709323,0
CUST03126,0.025051262,0
CUST03127,0.09953631,0
CUST03128,0.03456901,0
CUST03129,0.0456924,0
CUST03130,0.00789312,0
CUST03131,0.04649039,0
CUST03132,0.017299512,0
CUST03133,0.06396038,0
CUST03134,0.0023209644,0
CUST03135,0.03335869,0
CUST03136,0.017859098,0
CUST03137,0.051429886,0
CUST03138,0.5826262,1
CUST03139,0.05798142,0
CUST03140,0.020806909,0
CUST03141,0.0017912484,0
CUST03142,0.013748196,0
CUST03143,0.0035391739,0
CUST03144,0.935945,1
CUST03145,0.107504874,0
CUST03146,0.027944157,0
CUST03147,0.057935614,0
CUST03148,0.053257912,0
CUST03149,0.009945946,0
CUST03150,0.095978335,0
CUST03151,0.005982581,0
CUST03152,0.010540827,0
CUST03153,0.015454242,0
CUST03154,0.025821496,0
CUST03155,0.058716502,0
CUST03156,0.010746011,0
CUST03157,0.00200291,0
CUST03158,0.004480919,0
CUST03159,0.023268178,0
CUST03160,0.050663345,0
CUST03161,0.011410839,0
CUST03162,0.161549,0
CUST03163,0.0037048317,0
CUST03164,0.2290822,0
CUST03165,0.0062411735,0
CUST03166,0.007727421,0
CUST03167,0.0017375165,0
CUST03168,0.11914691,0
CUST03169,0.9001767,1
CUST03170,0.13103701,0
CUST03171,0.019940158,0
CUST03172,0.008394537,0
CUST03173,0.008883761,0
CUST03174,0.24979013,0
CUST03175,0.07189384,0
CUST03176,0.022920134,0
CUST03177,0.033169843,0
CUST03178,0.0038235737,0
CUST03179,0.9256815,1
CUST03180,0.011811962,0
CUST03181,0.00450454,0
CUST03182,0.04158505,0
CUST03183,0.028135262,0
CUST03184,0.0202584,0
CUST03185,0.047795437,0
CUST03186,0.032463774,0
CUST03187,0.04002771,0
CUST03188,0.0039126393,0
CUST03189,0.020900158,0
CUST03190,0.05872711,0
CUST03191,0.018438837,0
CUST03192,0.015602656,0
CUST03193,0.012212216,0
CUST03194,0.02185664,0
CUST03195,0.12389318,0
CUST03196,0.06242047,0
CUST03197,0.0060378104,0
CUST03198,0.058490347,0
CUST03199,0.12086781,0
CUST03200,0.033213906,0
CUST03201,0.032655332,0
CUST03202,0.023759315,0
CUST03203,0.016778849,0
CUST03204,0.017858513,0
CUST03205,0.03153736,0
CUST03206,0.007787998,0
CUST03207,0.009284025,0
CUST03208,0.13714197,0
CUST03209,0.023971332,0
CUST03210,0.026730184,0
CUST03211,0.02375248,0
CUST03212,0.0078043416,0
CUST03213,0.0013438348,0
CUST03214,0.6529788,1
CUST03215,0.012913475,0
CUST03216,0.10176547,0
